Product name,Unit Cost,SubCategory ID,Brand,Product ID
BubbleNut Wash Laundry Detergent Liquid ( 5 Litres ),1399,Subcat1,BubbleNut Wash,OFF-TEN-10000025
Figo Delicate Fabric Washing Shampoo-1 ltr Liquid detergent ,499,Subcat1,Figo,OFF-SU-10000618
EcoSwachh 3R - Natural Fabric Wash ,1400,Subcat1,EcoSwachh,OFF-TEN-10001585
SacredEarth Natural Fabric Liquid Wash (750 ml),499,Subcat1,SacredEarth,OFF-PA-10001492
Comfort Morning Fresh Fabric Conditioner 860 ml Bottle,210,Subcat1,Comfort,FUR-FU-10003447
BubbleNut Wash Laundry Detergent Liquid (1.8 Litres),699,Subcat1,BubbleNut Wash,OFF-PA-10001968
Herbal Strategi Natural Fabric Wash Refill –5L ,1600,Subcat1,Herbal Strategi,TEC-CO-10002316
Comfort Perfume Deluxe After Wash Fabric Conditioner Desire 850 ml,220,Subcat1,Comfort,FUR-BO-10003966
Comfort Perfume Deluxe After Wash Fabric Conditioner Royale 850 ml,245,Subcat1,Comfort,OFF-FEL-10001541
Comfort Lily Fresh Fabric Conditioner 860 ml Bottle,210,Subcat1,Comfort,OFF-ST-10002161
Comfort Anti Bacterial Fabric Conditioner 860 ml Bottle,235,Subcat1,Comfort,OFF-AP-10001254
Comfort After Wash Anti Bacterial Fabric Conditioner (Fabric Softener) 220 ml,58,Subcat1,Comfort,OFF-AP-10002317
Softouch 2X French Perfume Fabric Conditioner - 800ml,219,Subcat1,Softouch,FUR-ADV-10002601
"SofTouch 2X French Perfume Fabric Conditioner Refill Pack by Wipro, 2000ml",398,Subcat1,Softouch,OFF-AR-10001529
"Softouch Ocean Breeze Fabric Conditioner by Wipro, 2L",369,Subcat1,Softouch,OFF-SU-10000484
Surf Excel Top Load Matic Liquid Detergent Pouch - 2 L,805,Subcat1,Surf Excel,TEC-AC-10001221
"Surf Excel Matic Front Load Detergent Powder, 2 kg ",215,Subcat1,Surf Excel,OFF-AR-10000980
Rin Advance Big Bar Soap (Pack Of 12 ),433,Subcat2,Rin,OFF-BI-10003012
Amber Deluxe Detergent Soap (4 Pack),200,Subcat2,Amber,OFF-LA-10001292
Rin Advance Big Bar Soap (Pack Of 8),355,Subcat2,Rin,OFF-EN-10004597
Rin Bar ( Pack Of 6),299,Subcat2,Rin,OFF-BI-10001249
Rin (250 g),260,Subcat2,Rin,OFF-BI-10001717
Rin advanced big bar (250 g),60,Subcat2,Rin,OFF-BI-10000719
Surf Excel Bar (250 g),75,Subcat2,Surf Excel,OFF-FEL-10001405
Surf Excel ( Pack Of 6),78,Subcat2,Surf Excel,FUR-BO-10000259
Tide Blue Detergent Bar (Pack of 8),299,Subcat2,Tide,TEC-LOG-10003896
Tide Blue Detergent Bar Soap (200 g),55,Subcat2,Tide,OFF-AP-10002568
"Vim Dish Cleaning GelLemon, 0.75 L",159,Subcat3,Vim,FUR-CH-10000863
"Vim Power Dish Cleaning GelLemon, 2 L",360,Subcat3,Vim,FUR-HAR-10001792
Vim Dishwash Bar3 x 200 g,59,Subcat3,Vim,FUR-CH-10002830
Pril Perfect Dishwash Bar500 g,52,Subcat3,Pril,OFF-FEL-10002867
Vim Anti Smell with Pudina Dishwash Bar800 g,93,Subcat3,Vim,TEC-MA-10002520
Vim Extra Anti Bac with Neem Dishwash Bar4 x 200 g,117,Subcat3,Vim,FUR-CH-10004063
Pril Dishwash Bar3 x 0.4 kg,104,Subcat3,Pril,TEC-SHA-10004874
"Vim Dishwash Anti Bac Liquid Dish Cleaning GelNeem, 2 L",344,Subcat3,Vim,FUR-TA-10001866
"Pril Active Dish Cleaning GelKraft Mint, 0.75 L",154,Subcat3,Pril,OFF-AR-10004151
"Pril Dishwashing Liquid Lime Dish Cleaning GelLime, 3 L",535,Subcat3,Pril,FUR-CH-10001270
"Pril Dish Cleaning GelTamarind, 0.425 L",112,Subcat3,Pril,FUR-HON-10002424
Vim Dishwash Anti Bac Liquid Neem Dishwashing Detergent500 ml,125,Subcat3,Vim,OFF-FEL-10002897
"Vim LIQUID 5 LITRE (NEW EDITION) Dish Cleaning Gel Dish...Lemon, 5 L",930,Subcat3,Vim,TEC-APP-10004912
"Fairy Imported Dishwashing Gel Lemon 750ML Pack of 2 Di...LEMON, 2 x 0.75 L",745,Subcat3,Fairy,OFF-AR-10001418
"Fairy dish wash 750ML Dish Cleaning GelLemon, 2 x 375",765,Subcat3,Fairy,TEC-KON-10002194
"Pril TAMARIND SHINE SPECIALIST INSTA CLEAN ACTIVE POWER...TAMARIND, 750 L",389,Subcat3,Pril,FUR-FU-10002210
"Pril KRAFT Dish Cleaning GelMINT, 750 ml",389,Subcat3,Pril,FUR-CH-10001465
"Pril 425 ml perfect Dish Cleaning Gellemon, 0.425 L",160,Subcat3,Pril,OFF-EN-10004495
"Fairy Dish Washing Liquid - Lemon - Imported (750 ml) D...LEMON, 750 ml",424,Subcat3,Fairy,TEC-AC-10004791
"Pril Dishwash Liquid - Kraft Gel, Active Power Molecule...Kraft Mint, 2 x 225 ml",299,Subcat3,Pril,TEC-PH-10001619
"Fairy ORIGINAL WASHING UP LIQUID Dish Cleaning GelNORMAL, 433",231,Subcat3,Fairy,FUR-SAF-10004530
"Vim Dish Cleaning GelLemon, 1.8 L",440,Subcat3,Vim,OFF-ST-10000875
"Pril Perfect Dish Cleaning GelLime, 0.75 L",160,Subcat3,Pril,OFF-ST-10003692
"Vim LIQUID LEMON POUCH NEW PACK 2 L X 1 Dish Cleaning G...LEMONEY SMELL, 1 L",485,Subcat3,Vim,OFF-STA-10000298
"Vim 1.5 litre power of 100 lemons Dish Cleaning Gellemon, 1.5",499,Subcat3,Vim,OFF-ST-10000988
Lizol Disinfectant Surface Cleaner Refill Pack Citrus1800 ml,350,Subcat4,Lizol,OFF-ST-10001469
Lizol Disinfectant Surface Cleaner Jasmine1 L,205,Subcat4,Lizol,FUR-FU-10001095
Lizol Disinfectant Surface Cleaner Floral2 L,399,Subcat4,Lizol,TEC-STA-10004927
Lizol Disinfectant Surface Cleaner Floral5 L,849,Subcat4,Lizol,OFF-ACC-10004692
Lizol Disinfectant Surface Cleaner Floral500 ml,250,Subcat4,Lizol,TEC-MA-10001825
Lizol Disinfectant Surface Cleaner Lavender500 ml,299,Subcat4,Lizol,OFF-SU-10001770
Lizol Disinfectant Floor & Surface Cleaner Lavendar5 L,770,Subcat4,Lizol,OFF-PA-10000116
Lizol Disinfectant Floor & Surface Cleaner Jasmine1800 ml,350,Subcat4,Lizol,OFF-ELD-10002578
Lizol Disinfectant Surface Cleaner Neem1 L,205,Subcat4,Lizol,OFF-AR-10004884
MR WASH Phenyl floor cleaner 1L Lavender1000 ml,229,Subcat4,MR WASH,OFF-AR-10000505
Lizol Disinfectant Surface Cleaner Pine975 ml,205,Subcat4,Lizol,OFF-ST-10000127
CLOROX Bathroom Cleaner Spray Regular887 ml,999,Subcat4,CLO,OFF-OIC-10002161
WIPRO Max Kleen Disinfectant Surface Cleaner500g Floral500 ml,349,Subcat4,WIPRO,OFF-HON-10001783
WIPRO Max Kleen Disinfectant Surface Cleaner975ml Flora...975 ml,289,Subcat4,WIPRO,FUR-NOV-10004962
Lizol Disinfectant Surface Cleaner Neem500 ml,199,Subcat4,Lizol,OFF-FA-10004395
Lizol Disinfectant Surface Cleaner 2LI (Pack of 03) Cit...3 x 2 L,197,Subcat4,Lizol,OFF-PA-10003036
Lizol Citrus2 x 975 ml,376,Subcat4,Lizol,OFF-HON-10000137
Lizol Disinfectant Surface Cleaner Citrus (5 L) Citrus5 L,849,Subcat4,Lizol,OFF-BI-10004436
Lizol PINK LIZOL5L ROSE5000 ml,849,Subcat4,Lizol,OFF-BI-10000583
MR WASH Shine & Clean Floor Cleaner Disinfectant - Rose...5 L,699,Subcat4,MR WASH,OFF-BI-10003650
Harpic Power Plus Disinfectant Original Liquid Toilet C...3 x 1 L,468,Subcat4,Harpic,OFF-TEN-10003211
Harpic Power Plus Orange Liquid Toilet Cleaner500 ml,84,Subcat4,Harpic,OFF-HOO-10002386
Harpic White & Shine Bleach Liquid Toilet Cleaner500 ml,79,Subcat4,Harpic,TEC-PH-10003655
Harpic Power Plus Rose Liquid Toilet Cleaner500 ml,90,Subcat4,Harpic,TEC-PH-10003963
Flipkart Supermart Disinfectant Lavender Liquid Toilet ...1000 ml,64,Subcat4,FlipKart Supermart,OFF-BI-10003705
Harpic Flushmatic In-Cistern Marine Block Toilet Cleane...150 g,154,Subcat4,Harpic,FUR-BO-10003408
Flipkart Supermart Disinfectant Original Liquid Toilet ...2 x 1 L,132,Subcat4,FlipKart Supermart,OFF-AR-10000399
Domex Fresh Guard Lemon Liquid Toilet Cleaner1 L,125,Subcat4,Domex,TEC-PH-10002871
Flipkart Supermart Disinfectant Orange Liquid Toilet Cl...1 L,64,Subcat4,FlipKart Supermart,OFF-BI-10004651
Harpic Power Plus Original Liquid Toilet Cleaner1 L,165,Subcat4,Harpic,OFF-AP-10002753
Sani Fresh Ultrashine Regular Liquid Toilet Cleaner2 x 0.5 L,149,Subcat4,Sani,TEC-AC-10004379
Flipkart Supermart Cistern Block Toilet Cleaner3 x 50 g,86,Subcat4,FlipKart Supermart,TEC-AC-10002760
Domex Fresh Guard Ocean Liquid Toilet Cleaner1 L,125,Subcat4,Domex,TEC-AC-10003851
Harpic Fresh Citrus Liquid Toilet Cleaner500 ml,89,Subcat4,Harpic,FUR-CH-10004783
Harpic Germ and Stain Disinfectant Citrus Liquid Toilet...750 ml,117,Subcat4,Harpic,OFF-ST-10001374
Harpic Bathroom Cleaner Floral + Power Plus Regular Flo...2 x 0.5 L,172,Subcat4,Harpic,OFF-AR-10001991
Harpic Flushmatic In-Cistern Lavender Block Toilet Clea...2 x 50 g,113,Subcat4,Harpic,FUR-FU-10003283
Harpic Hygienic Lavender Rim Block26 g,68,Subcat4,Harpic,OFF-ST-10004857
Harpic Hygienic Citrus Rim Block26 g,67,Subcat4,Harpic,OFF-LA-10002312
Harpic Germ and Stain Blaster Citrus Liquid Toilet Clea...750 ml,160,Subcat4,Harpic,OFF-ST-10003319
Harpic Flushmatic In-Cistern Marine Block Toilet Cleane...100 g,135,Subcat4,Harpic,OFF-BI-10000188
Harpic Power Plus Rose Liquid Toilet Cleaner3 x 0.5 L,357,Subcat4,Harpic,OFF-ST-10000636
Harpic Power Plus Original Liquid Toilet Cleaner2 x 1 L,349,Subcat4,Harpic,OFF-BI-10004305
Harpic Flushmatic In-Cistern Citrus Block Toilet Cleane...100 g,142,Subcat4,Harpic,OFF-BI-10002222
Harpic Power Plus Orange Liquid Toilet Cleaner2 x 1 L,399,Subcat4,Harpic,OFF-BI-10000042
Domex Disinfectant Regular Liquid Toilet Cleaner1 L,299,Subcat4,Domex,OFF-BI-10000145
Harpic White & Shine Bleach Regular Liquid Toilet Clean...3 x 500 ml,267,Subcat4,Harpic,OFF-LA-10001764
Pee Safe Toilet Seat Sanitizer Spray Mint 50 ml pack of...2 x 50 ml,199,Subcat4,Pee Safe,OFF-EN-10002226
Harpic POWER PLUS 10X MAX CLEAN Original Liquid Toilet ...3 x 0.5 L,296,Subcat4,Harpic,FUR-CH-10003841
Harpic Power Fresh 6 Floral Rim Block35 g,175,Subcat4,Harpic,FUR-BO-10004254
PURELA Home Essentials Disinfectant Original Liquid Toi...5000 ml,379,Subcat4,PURELA,OFF-AP-10002945
Slchem STABLE PURE BLEACHING POWDER 1000 GM Powder Toil...1000 g,174,Subcat4,Slchem,TEC-PH-10002563
Pee Safe Toilet Seat Sanitizer Spray Lavender Lavender ...50 ml,110,Subcat4,Pee Safe,TEC-AC-10000140
Harpic Organic Active 10X Floral Liquid Toilet Cleaner500 ml,89,Subcat4,Harpic ,FUR-BO-10002084
OMGRA 2.502kg BLEACHING POWDER DISINFECTANT BEST QUALIT...2502 g,240,Subcat4,OMGRA,TEC-AC-10002263
Harpic TOILET CLENER 500 ML 1.5 LITR Jasmine Liquid Toi...4 x 125 ml,280,Subcat4,Harpic,TEC-AC-10001082
Harpic Hygienic Citrus Rim Block2 x 26 g,259,Subcat4,Harpic,TEC-PH-10004888
POUR HOME Room Freshener French Fusion 270 Ml Spray,146,Subcat5,Pour Home,OFF-AR-10003336
Odonil Room Freshening Lavender Mist Spray,169,Subcat5,Odonil,TEC-PH-10003770
Godrej Aer Morning Misty Meadows Spray,150,Subcat5,Godrej,OFF-FEL-10001865
POUR HOME Room Freshener Sacred Sandal 270 Ml Spray,147,Subcat5,Pour Home,OFF-EN-10003465
Godrej Aer Petal Crush Pink Spray,154,Subcat5,Godrej,TEC-AC-10003738
"GIFDECO LAVENDER BLOSSOM 10 ML, ROSE GARDEN 3 ML Diffus...",173,Subcat5,Gifdeco ,OFF-AR-10002135
"AuraDecor Rose, LemonGrass, Lavender, Jasmine, Sandalwo...",195,Subcat5,Auradecor,OFF-BI-10002225
FStyler Sandalwood Diffuser Set,459,Subcat5,Fstyler ,OFF-BI-10001765
Godrej Aer Fresh Lush Green Spray,153,Subcat5,Godrej,OFF-ST-10004972
"Godrej Aer Cool Surf Blue, Valley Bloom, lush green Spr...",404,Subcat5,Godrej,OFF-BI-10004924
Godrej Aer Cool Surf Blue Spray,153,Subcat5,Godrej,OFF-ST-10002276
POUR HOME Room Freshener Red Rose 270 Ml Spray,146,Subcat5,Pour Home,TEC-ENE-10002686
"GIFDECO SANDALWOOD 10 ML, ROSE GARDEN 10 ML, LEMON GRAS...",295,Subcat5,Gifdeco,OFF-SME-10002823
LAVITRA Solar Powered Rotating DUAL colour Perfume Car ...,379,Subcat5,Lavitra,OFF-AP-10004859
Godrej Aer Violet Valley Bloom Spray,150,Subcat5,Godrej,FUR-CH-10001204
"Godrej Petal crush pink, Musk after smoke, Violet velly...",695,Subcat5,Godrej,OFF-PA-10004082
"FStyler Lavender Diffuser Set, Aroma Oil",485,Subcat5,Fstyler ,OFF-EN-10002007
Airwick Rose & Saffron Air Freshener Spray,147,Subcat5,Airwick,OFF-WIL-10002233
POUR HOME Room Freshener French Fusion 270 Ml (Pack of ...,277,Subcat5,Pour Home,OFF-KRA-10000492
"Odonil rose, jasmine, lavender, Sandal Spray",279,Subcat5,Odonil,OFF-SAN-10002839
FStyler Lavender Aroma Oil Wooden Diffuser Set,346,Subcat5,Fstyler,OFF-BI-10000179
Odonil Room Freshening Sandal Bouquet Spray,124,Subcat5,Odonil,FUR-FU-10001935
"Colgate Strong Teeth Cavity Protection with Calcium Boo...600 g, Pack of 3",318,Subcat6,Colgate,OFF-PA-10000061
"Dabur Meswak Complete Oral Care Toothpaste400 g, Pack of 2",209,Subcat6,Dabur,OFF-EN-10002849
"Colgate Maxfresh Spicy Fresh Red Gel Toothpaste600 g, Pack of 4",324,Subcat6,Colgate,OFF-BI-10003440
"VICCO Paste 200g pack of 3 Toothpaste600 g, Pack of 3",460,Subcat6,VICCO,OFF-STO-10000683
"Colgate Active Salt Toothpaste600 g, Pack of 2",328,Subcat6,Colgate,OFF-BI-10001072
"Dabur Red Toothpaste450 g, Pack of 3",270,Subcat6,Dabur,OFF-ADV-10004875
Colgate Active Salt Healthy White Toothpaste200 g,110,Subcat6,Colgate,OFF-IBI-10001640
"Colgate Swarna Vedshakti Ayurvedic Toothpaste800 g, Pack of 4",456,Subcat6,Colgate,FUR-TA-10003747
"Colgate Maxfresh Blue Gel Peppermint Ice Toothpaste600 g, Pack of 4",440,Subcat6,Colgate,TEC-PH-10004586
Colgate Visible White Teeth Whitening Toothpaste165,190,Subcat6,Colgate,FUR-TA-10003185
"Colgate MaxFresh , Spicy Fresh Red Gel paste with Menth...600 g",448,Subcat6,Colgate,OFF-AR-10000019
Colgate Visible White O2 Teeth Whitening Toothpaste - A...50 g,250,Subcat6,Colgate,FUR-BO-10004567
"Dabur Red Ayurvedic Gel for Freshness ( Super Saver Pac...600 g, Pack of 2",360,Subcat6,Dabur,OFF-PA-10001170
"Closeup Cool Breeze Toothpaste300 g, Pack of 2",190,Subcat6,Closeup,OFF-AR-10003217
Colgate Swarna Vedshakti Toothpaste - 100gm Toothpaste100,64,Subcat6,Colgate,FUR-ELD-10000857
"Colgate Strong Teeth Cavity Protection with Calcium Boo...1000 g, Pack of 2",532,Subcat6,Colgate,OFF-BI-10003355
"Colgate Visible White Toothpaste400 g, Pack of 4",580,Subcat6,Colgate,OFF-ACC-10001285
"Colgate Sensitive Plus, With Pro Argin Formula for Sens...1",160,Subcat6,Colgate,OFF-BI-10000546
"Dabur Herb'l Clove - Cavity Protection Toothpaste Tooth...200 g, Pack of 3",300,Subcat6,Dabur,TEC-CO-10000129
Colgate Cibaca Anti-Cavity Toothpaste175,63,Subcat6,Colgate,TEC-MA-10000429
"Colgate Total Advance Health Toothpaste120 g, Pack of 4",616,Subcat6,Colgate,FUR-OFF-10002542
"Colgate MaxFresh Toothpaste, Red Gel Paste with Menthol...2, Pack of 2",408,Subcat6,Colgate,FUR-SAF-10002180
"SENSODYNE Fresh Mint Combo for daily sensitivity prot...450, Pack of 3",630,Subcat6,SENSODYNE,FUR-CH-10003440
"Colgate Bamboo Charcoal Clean & mint (pack of 4 ) Tooth...480 g, Pack of 4",572,Subcat6,Colgate,TEC-AC-10001486
"Colgate Herbal Anticavity Toothpaste200 g, Pack of 3",420,Subcat6,Colgate,OFF-ROG-10001399
"Colgate Visible White Sparkling Mint - 200gm Saver Pack...400 g, Pack of 2",500,Subcat6,Colgate,OFF-STA-10004108
"Colgate MaxFresh Anticavity Gel, Peppermint Ice Toothpa...600 g, Pack of 2",364,Subcat6,Colgate,OFF-CUI-10000140
Colgate Strong Teeth Cavity Protection with Calcium Boo...500 g,253,Subcat6,Colgate,OFF-ST-10003414
"Dabur Red Paste Toothpaste1000 g, Pack of 2",508,Subcat6,Dabur,OFF-HOO-10002715
Colgate Swarna Vedshakti (Saver Pack) Toothpaste400 g,206,Subcat6,Colgate,OFF-FA-10001097
"Colgate Strong Teeth Toothpaste Shahid Kapoor Limited E...840, Pack of 6",654,Subcat6,Colgate,OFF-EN-10004173
"Colgate Active Salt, Germ Fighting Toothpaste for Healt...500",282,Subcat6,Colgate,FUR-BO-10003086
"Dabur Dant Rakshak Paste | Contains the goodness of 32 ...700 g, Pack of 4",360,Subcat6,Dabur,OFF-STI-10002716
LISTERINE Mouthwash - Coolmint750 ml,317,Subcat7,LISTERINE,OFF-CAR-10004661
LISTERINE Mouthwash Combo - Fresh Burst750 ml,320,Subcat7,LISTERINE,OFF-ELD-10000151
"Colgate Vedshakti Pulling Oil, (Seasame oil enriched wi...200 ml",175,Subcat7,Colgate,FUR-TEN-10000407
Perfora Alcohol Free Mouthwash - Lemon Mint300 ml,299,Subcat7,Perfora,TEC-AC-10003734
Dabur Red Pulling Oil :Ayurvedic Mouthwash| - Oral Deto...195 ml,220,Subcat7,Dabur,OFF-PA-10002377
LISTERINE Cavity Fighter Mouthwash500 ml,309,Subcat7,LISTERINE,OFF-AP-10001005
LISTERINE Total Care Mild Taste 250ml with 6 in 1 Benef...250 ml,184,Subcat7,LISTERINE,OFF-ACM-10003510
Perfora Vedic Rinse Oil Pulling - Coco Mint300 ml,549,Subcat7,Perfora,FUR-FU-10000629
PEPSODENT Germicheck Mouth Rinse Liquid - Fights 99.9% ...250 ml,140,Subcat7,PEPSODENT,TEC-SAN-10003793
LISTERINE Total Care Mild Taste 500ml with 6 in 1 Benef...500 ml,345,Subcat7,LISTERINE,OFF-BI-10004506
Qelica Hookah Punch Dubai Special Mouth Spray Sugarfree...10 g,125,Subcat7,Qelica,OFF-CAR-10000687
Qelica Hookah Punch Polar Brain Freezer & Double Apple ...20 g,250,Subcat7,Qelica,OFF-IBI-10004074
"Colgate Maxfresh Plax Antibacterial Mouthwash, 24/7 Fre...750 ml",360,Subcat7,Colgate,OFF-PA-10000048
LISTERINE Mouthwash - Freshburst500 ml,262,Subcat7,LISTERINE,OFF-AVE-10004708
Colgate Vedshakti Mouth Protect Spray10 g,97,Subcat7,Colgate,OFF-AVE-10004570
Colgate Plax Mouthwash - Pepper Mint750 ml,372,Subcat7,Colgate,OFF-ADV-10004598
Qelica Instant Mouth Freshener Spray| Mouth Spray For f...40 g,225,Subcat7,Qelica,OFF-AVE-10003504
Qelica Instant Mouth And Breath Freshner Spray For Fres...60 g,350,Subcat7,Qelica,TEC-ENE-10000895
"Colgate Maxfresh Plax Antibacterial Mouthwash, 24/7 Fre...750 ml",360,Subcat7,Colgate,OFF-LA-10000240
"Colgate Maxfresh Plax Antibacterial Mouthwash, 24/7 Fre...750 ml",360,Subcat7,Colgate,OFF-HAR-10001855
"HEXIDRIN Removes 99.0 % Germs, 24/7 Fresh Breath - Cool...450 ml",269,Subcat7,HEXIDRIN,OFF-STA-10002719
Qelica Instant Mouth Freshener Spray| Mouth Spray For f...20 g,140,Subcat7,Qelica,OFF-FA-10000992
"Colgate Maxfresh Plax Antibacterial Mouthwash, 24/7 Fre...250 ml",338,Subcat7,Colgate,OFF-FEL-10000998
LISTERINE Coolmint Mild Taste 500ml - Mild Mint500 ml,271,Subcat7,LISTERINE,OFF-CAR-10002054
Colgate Maxfresh Plax Antibacterial Mouthwash - Freshmi...750 ml,383,Subcat7,Colgate,OFF-ST-10003295
"Colgate Maxfresh Plax Antibacterial Mouthwash, 24/7 Fre...1000 ml",456,Subcat7,Colgate,TEC-MA-10004669
Qelica Mouth Freshner Multi Flavour Combo Paan Chuski &...20 g,190,Subcat7,Qelica,OFF-ST-10004837
Perfora Probiotic Mouthwash - Lemon Mint600 ml,499,Subcat7,Perfora,TEC-PH-10002042
LISTERINE Coolmint 500ml (Pack of 2) - Mint1000 ml,524,Subcat7,LISTERINE,OFF-PA-10004294
"Colgate Maxfresh Plax Antibacterial Mouthwash, 24/7 Fre...250 ml",360,Subcat7,Colgate,FUR-CH-10000974
Qelica Instant Mouth And Breath Freshner Spray For Fres...20 g,195,Subcat7,Qelica,OFF-ST-10002263
Qelica Silver Elaichi Mouth Freshener For Men And Women...30 g,218,Subcat7,Qelica,TEC-AC-10002842
HEXIDRIN MOUTH WASH 150ML(Pack of 2) - COOL MINT300 ml,229,Subcat7,HEXIDRIN,TEC-APP-10002321
LISTERINE Cool Mint Mild Taste - 500 ml (Pack of 2) - M...1000 ml,542,Subcat7,LISTERINE,FUR-BO-10004082
LISTERINE Mild Taste Mouthwash - Cool Mint500 ml,285,Subcat7,LISTERINE,FUR-CH-10004095
Colgate Maxfresh Plax Antibacterial Mouthwash - Pepperm...750 ml,383,Subcat7,Colgate,FUR-FU-10001098
Qelica Instant Mouth And Breath Freshner Spray For Fres...30 g,220,Subcat7,Qelica,OFF-AP-10001049
Qelica Mouth Freshner Multi Flavour Combo Paan Chuski &...20 g,190,Subcat7,Qelica,OFF-ST-10003056
HEXIDRIN MOUTH WASH 150ML(Pack of 10) - COOL MINT150 ml,998,Subcat7,HEXIDRIN,OFF-PA-10004100
Perfora Probiotic Mouthwash - Thyme Mint600 ml,499,Subcat7,Perfora,OFF-BI-10002894
LOTUS HERBALS WhiteGlow Skin Whitening And Brightening ...60 g,269,Subcat8,LOTUS HERBALS,OFF-SU-10002962
MamaEarth Vitamin C Daily Glow Face Cream With Vitamin ...150 g,399,Subcat8,MamaEarth,OFF-SU-10001308
"MamaEarth Skin Illuminate Face Cream, for skin brighten...80 g",224,Subcat8,MamaEarth,OFF-BI-10004028
THE MAN COMPANY Skin Brightening Cream Multani Mitti Co...50 g,545,Subcat8,THE MAN COMPANY,OFF-AR-10000659
POND's Bright Beauty Serum Cream SPF 15 PA Fairness Cre...50 g,220,Subcat8,POND's,OFF-ROG-10000332
BIOTIQUE Coconut Brightening Instant Glow Cream50 g,129,Subcat8,BOTIQUE Coconut,OFF-BI-10004716
FAIR AND HANDSOME Long Lasting Radiance 2X Spot Reducti...180 g,324,Subcat8,FAIR AND HANDSOME,OFF-AR-10004042
POND's Bright Beauty Serum Cream Anti-Spot Fairness SPF...35 g,140,Subcat8,POND's,OFF-AR-10000493
Glow & Lovely Advanced Multi Vitamin110 g,198,Subcat8,Glow & Lovely,OFF-LA-10004709
LOTUS Skin Whitening & Brightening Gel Creme60 g,373,Subcat8,LOTUS,OFF-HON-10001132
NIVEA Dark Spot Reduction Creme75 ml,155,Subcat8,NIVEA,OFF-BI-10002949
THE MAN COMPANY De-tan Radiance Cream with Multani Mitt...50 g,272,Subcat8,THE MAN COMPANY,TEC-SAN-10003238
FAIR AND HANDSOME Long Lasting Radiance 2X Spot Reducti...60 g,134,Subcat8,FAIR AND HANDSOME,TEC-CO-10001177
Lotus Professional PROFESSIONAL PHYTO-Rx Whitening & Br...50 g,432,Subcat8,Lotus,OFF-IBI-10000959
"NIVEA Men Creme, Dark Spot Reduction, Non Greasy Moistu...150 ml",357,Subcat8,NIVEA,OFF-ELD-10000967
VLCC Snigdha Skin Whitening Night Cream50 g,256,Subcat8,VLCC,OFF-CUI-10004536
LOTUS HERBALS WhiteGlow Advanced Pink Glow Crème50 g,399,Subcat8,LOTUS HERBALS,OFF-EN-10003898
"MamaEarth ""Anti-Pollution Daily Face Cream80 g",314,Subcat8,MamaEarth,OFF-FA-10003034
LOTUS HERBALS White Glow Skin Whitening And Brightening...60 g,355,Subcat8,LOTUS HERBALS,OFF-IBI-10001951
Vaseline Intensive Care Cocoa Glow Body Lotion400 ml,239,Subcat9,Vaseline,OFF-IBI-10002486
Joy Honey & Almonds Advanced Nourishing Body Lotion 500...500 ml,212,Subcat9,Joy ,OFF-FA-10000254
"NIVEA Body Lotion for Very Dry Skin, Nourishing Body Mi...400 ml",338,Subcat9,NIVEA,TEC-PH-10001795
Vaseline Intensive Care Deep Restore Lotion400 ml,330,Subcat9,Vaseline,TEC-AC-10002914
Joy Intense Moisture Dryness Repair Body Lotion400 ml,189,Subcat9,Joy,TEC-CO-10000013
"Parachute Advansed Body Lotion Soft Touch,With Honey,Si...250 ml",149,Subcat9,Parachute,TEC-ENE-10000154
"Phillauri Body Lotion for Very Dry Skin, Nourishing Bod...100 g",188,Subcat9,Phillauri,OFF-ST-10004576
Vaseline Intensive Care Deep Moisture Body Lotion with ...600 ml,324,Subcat9,Vaseline,TEC-CAN-10003392
"Parachute All Day Aloe with Coconut Milk & Aloe Vera, 1...400 ml",172,Subcat9,Parachute,OFF-ST-10000624
Lakmé Peach Milk SPF 24 PA++ Moisturiser120 ml,210,Subcat9,Lakme,TEC-PH-10004434
HIMALAYA Nourishing Body Lotion for Normal Skin400 ml,216,Subcat9,Himalaya,OFF-ST-10001128
NIVEA Body Milk Nourishing Body Lotion 400ml & 120 ml -...520 ml,370,Subcat9,NIVEA,FUR-BO-10001781
"Parachute Advansed Body Lotion Deep Nourish,With Pure C...250 ml",134,Subcat9,Parachute,OFF-BI-10001032
POND's Triple Vitamin Moisturising Body Lotion600 ml,439,Subcat9,POND's,FUR-BO-10000022
Vaseline Non Greasy Intensive Care Deep Moisture Body L...400 ml,345,Subcat9,Vaseline,OFF-ST-10002159
Lakmé Peach Milk Moisturiser Body Lotion200 ml,254,Subcat9,Lakmé,OFF-SU-10002388
Vaseline Sun + Pollution Protection SPF 30 Body Lotion400 ml,299,Subcat9,Vaseline,OFF-ST-10003964
Mexmy Body Lotion for Very Dry Skin Nourishing Body Mil...200 ml,329,Subcat9,Mexmy,TEC-CO-10000043
HERBCIENCE Nourishing Pro-V Body Lotion - Certified 100...250 ml,446,Subcat9,Herbcience,TEC-STA-10000546
NIVEA Body Milk with Almond Oil for Very Dry Skin600 ml,411,Subcat9,NIVEA,TEC-CO-10003124
"Parachute Advansed Deep Nourish Body Lotion,With Pure C...650 ml",308,Subcat9,Parachute,OFF-AP-10002882
"NIVEA Body Lotion for Very Dry Skin, Nourishing Body Mi...200 ml",223,Subcat9,NIVEA,OFF-AP-10002518
Joy Skin Fruits Fruit Moisturizing Body Lotion500 ml,236,Subcat9,Joy,OFF-EN-10002140
"Parachute Advansed Body Lotion for Women, Radiant Glow ...400 ml",270,Subcat9,Parachute,TEC-OKI-10001062
USTRAA Power  Energize and De-Tan Dermatologically Test...200 g,291,Subcat10,USTRAA,FUR-CH-10001477
OZONE SANDAL 180 ML Face Wash180 ml,216,Subcat10,OZONE,OFF-ST-10004695
GARNIER Men Acno Fight Facewash - For Pimple And Acne P...300 g,276,Subcat10,GARNIER,OFF-ST-10004020
HIMALAYA Purifying Neem  Face Wash150 ml,116,Subcat10,HIMALAYA,OFF-BI-10001744
POND's Bright Beauty Spot-less Glow  With Vitamins Face...100 g,162,Subcat10,POND's,OFF-SME-10003752
MamaEarth Ubtan Natural  for Dry Skin with Turmeric & S...100 ml,229,Subcat10,MamaEarth,FUR-CH-10004572
LOTUS HERBALS WhiteGlow 3-In-1 Deep Cleansing Skin Whit...100 g,169,Subcat10,LOTUS,OFF-SU-10003803
BOMBAY SHAVING COMPANY Charcoal Facewash for Deep Clean...100 g,189,Subcat10,BOMBAY,OFF-SU-10001578
"Lakmé Perfect Radiance Intense Brightening , With Vitam...50 g",145,Subcat10,Lakmé,OFF-AR-10000184
BIOTIQUE Papaya Deep Cleanse  100mlX2 Face Wash200 ml,130,Subcat10,BIOTIQUE,OFF-ST-10003547
"Organic Harvest 3-in-1  For Women, Daily Use, Remove Ex...100 g",257,Subcat10,Organic,OFF-ST-10004739
NIVEA Milk Delights Honey  Face Wash100 ml,120,Subcat10,NIVEA,OFF-PA-10003359
"MamaEarth ""Vitamin C  with Vitamin C and Turmeric for S...100 ml",229,Subcat10,MamaEarth,OFF-AP-10004708
POND's Bright Beauty Spot-less glow Face Wash100 g,169,Subcat10,POND's,TEC-AC-10001226
"OZONE Complexion Brightening  For Skin Whitening, Pigme...200 g",361,Subcat10,OZONE,TEC-SAM-10001017
NIVEA Milk Delights Precious Saffron Face Wash100 ml,93,Subcat10,NIVEA,OFF-ST-10000464
NIVEA Men Dark Spot Reduction Face Wash100 g,167,Subcat10,NIVEA,FUR-CH-10003697
HIMALAYA Purifying Neem Face Wash450 ml,473,Subcat10,HIMALAYA,FUR-FU-10002253
LOTUS HERBALS WHITEGLOW ACTIVE SKIN WHITENING + OIL CON...50 g,115,Subcat10,LOTUS,OFF-EN-10000657
Lakmé Blush and Glow Strawberry Gel Face Wash100 g,163,Subcat10,Lakmé,OFF-PA-10002382
"GARNIER Bright Complete VITAMIN C Facewash, 150g Face W...150 g",189,Subcat10,GARNIER,OFF-ST-10001818
GARNIER Men Acno Fight Anti-Pimple Facewash for Acne Pr...150 g,241,Subcat10,GARNIER,TEC-EPS-10001323
BIOTIQUE Bio Neem Purifying Wash Face Wash200 ml,156,Subcat10,BIOTIQUE,TEC-MA-10004064
MamaEarth Tea Tree Natural  with Neem for Acne & Pimple...100 ml,238,Subcat10,MamaEarth,OFF-BI-10004220
HIMALAYA Fairness Kesar Face Wash150 ml,145,Subcat10,HIMALAYA,OFF-BI-10000323
LIFEBUOY Total 19 Hand Wash Refill Pouch0.75 L,91,Subcat11,LIFEBUOY,OFF-STA-10004163
Savlon Moisture Shield Hand Wash Pouch1500 ml,156,Subcat11,Savlon,OFF-ST-10000423
Dettol Original Liquid Hand Wash Refill Pouch750 ml,92,Subcat11,Dettol,OFF-LA-10001771
Savlon Herbal Sensitive Germ Protection Hand Wash Pouch725 ml,80,Subcat11,Savlon,TEC-PH-10000673
Flipkart SmartBuy Anti Bacterial Hand Wash Refill Pouch750 ml,56,Subcat11,Flipkart,TEC-ENE-10004728
Dettol Skincare Liquid Hand Wash Refill Hand Wash Pouch750 ml,92,Subcat11,Dettol,OFF-SU-10003651
Dettol Skincare Hand Wash Refill Pouch1500 ml,177,Subcat11,Dettol,OFF-AVE-10004556
Godrej Protekt Germ Fighter Neem & Aloe Vera Hand Wash ...750 ml,79,Subcat11,Godrej,OFF-PA-10000806
"Dettol Liquid Handwash Bottle, Original Hand Wash Bottl...900 ml",116,Subcat11,Dettol,OFF-LA-10002401
LIFEBUOY Nature Hand Wash Refill Hand Wash Pouch0.75 L,86,Subcat11,LIFEBUOY,OFF-LA-10003498
"BOROPLUS Antiseptic Plus Moisturising Neem, Green Tea a...750 ml",80,Subcat11,BOROPLUS,OFF-LA-10000116
SANTOOR Gentle Wash Classic Sandalwood and Tulsi Handwa...1500 ml,170,Subcat11,SANTOOR,OFF-AR-10001897
Dettol Skin Care PH Balanced Hand Wash Pump + Refill200 ml,93,Subcat11,Dettol,OFF-BIN-10004569
Dettol Skincare Liquid Hand Wash Pump Dispenser200 ml,71,Subcat11,Dettol,OFF-AVE-10002892
SANTOOR Mild Lotus and Tulsi Hand Wash Pouch750 ml,94,Subcat11,SANTOOR,FUR-FU-10003142
CARA MIA Iris and Milk Hand Wash Refill Pouch750 ml,68,Subcat11,CARA,OFF-PA-10000533
Godrej Protekt Germ Fighter Aqua Hand Wash Refill Pouch1500 ml,162,Subcat11,Godrej,OFF-SAN-10002441
LIFEBUOY Handwash Fights Bacteria & Viruses Hand Wash C...5 L,750,Subcat11,LIFEBUOY,OFF-BI-10001658
Dettol Original Liquid Hand Wash Refill Pouch1500 ml,209,Subcat11,Dettol,OFF-FA-10003496
Savlon Moisture Shield Hand Wash Pouch725 ml,97,Subcat11,Savlon,OFF-CAR-10002942
Dettol Liquid Handwash Refill Pouch - Original Germ Pro...1500 ml,192,Subcat11,Dettol,OFF-AR-10000634
Dettol Liquid Handwash Refill - Skincare Moisturizing H...1500 ml,194,Subcat11,Dettol,OFF-PA-10004947
"Dettol Liquid Handwash Pump Dispenser, Original Hand Wa...3 x 200 ml",211,Subcat11,Dettol,OFF-AR-10001919
SANTOOR Classic Hand Wash Pouch2 x 750 ml,192,Subcat11,SANTOOR,OFF-SME-10000335
Dettol Skin Care PH Balanced Hand Wash Pouch750 ml,207,Subcat11,Dettol,OFF-FA-10003021
"Dettol Liquid Handwash Soap Jar, Skincare - 900 ml Hand...3 x 900 ml",358,Subcat11,Dettol,OFF-BI-10000494
"Dettol Skincare Handwash Liquid Soap Pump, 200ml, Pack ...3 x 200 ml",225,Subcat11,Dettol,FUR-CH-10001854
"Dettol Liquid Handwash Bottle, Skincare Hand Wash Bottl...900 ml",124,Subcat11,Dettol,TEC-AC-10001258
LIFEBUOY Total 10 Handwash Refill Hand Wash Refill Pouc...2 L,246,Subcat11,LIFEBUOY,FUR-CH-10000015
Dettol Strawberry Fragrance Foaming Hand Wash Pump Disp...250 ml,129,Subcat11,Dettol,FUR-CH-10003746
"Dettol Foaming Handwash Pump + Refill Combo, Aloe Cocon...450 ml",149,Subcat11,Dettol,FUR-TA-10000649
Dettol Foaming Strawberry Hand Wash Refill Pouch700 ml,161,Subcat11,Dettol,TEC-CO-10004042
SANTOOR Mild Hand Wash Pouch2 x 750 ml,194,Subcat11,SANTOOR,OFF-BI-10002172
Godrej Protekt Germ Fighter Aqua Hand Wash Refill Pouch725 ml,147,Subcat11,Godrej,TEC-CO-10001571
Dettol Aloe Vera Hand Wash Refill Pouch250 ml,189,Subcat11,Dettol,FUR-FU-10000666
"Marico Jataa For Men Ayurvedic Hair Oil, Hairfall Contr...100 ml",210,Subcat12,Marico,FUR-BO-10004565
Phillauri Black Seed Onion Hair Oil - WITH COMB APPLICA...200 ml,188,Subcat12,Phillauri,OFF-ST-10001222
Parachute Advansed Gold Coconut Hair Oil with Vitamin-E...400 ml,157,Subcat12,Parachute,OFF-ST-10000632
indulekha Bhringa Hair Oil100 ml,336,Subcat12,indulekha,TEC-CO-10002788
Adivasi Medicine All Type of Hair Problem Herbal Growth...200 ml,172,Subcat12,Adivasi,OFF-EN-10002789
"BAJAJ Almond Drops Hair Oil enriched with 6X Vitamin E,...650 ml",315,Subcat12,BAJAJ,FUR-CH-10004049
"Parachute Advansed Aloe Vera Enriched Coconut Hair Oil,...325 ml",120,Subcat12,Parachute,FUR-BO-10002679
Phillauri Adivasi Jadibuti Hair oil (pack of 2) Hair Oi...200 ml,190,Subcat12,Phillauri,FUR-FU-10004339
Adivasi Neelambari Medicine All Type of Hair Problem He...100 ml,151,Subcat12,Adivasi,OFF-LA-10003141
BAJAJ 100% Pure Coconut Oil Hair Oil600 ml,134,Subcat12,BAJAJ,OFF-AR-10000475
OLIXO Beard Oil For Men Fast Beard Growth - Each 50 ml ...100 ml,179,Subcat12,OLIXO,OFF-FEL-10003785
MANCODE Lemon Grass and Orange Oil Beard Oil Hair Oil60 ml,166,Subcat12,MANCODE,OFF-AR-10001823
Dabur Anmol Gold 100% Pure Coconut Hair Oil600 ml,179,Subcat12,Dabur,OFF-BI-10001987
Parachute Advansed Jasmine Gold Non-Sticky Coconut Oil ...500 ml,165,Subcat12,Parachute,TEC-AC-10004451
Dabur Amla  Hair Oil450 ml,196,Subcat12,Dabur,OFF-PA-10001323
Parachute Advansed Aloe Vera Enriched Coconut Hair Oil ...250 ml,120,Subcat12,Parachute,FUR-FU-10003878
Coco Soul Hair Oil for Long Strong Black Hair with Virg...95 ml,319,Subcat12,Coco,FUR-FU-10001861
TNW - The Natural Wash Pure Cold Pressed Neem Oil for S...100 ml,179,Subcat12,TNW,TEC-PH-10001644
Parachute Pure Coconut Hair Oil600 ml,208,Subcat12,Parachute,TEC-PH-10001427
Navratna Cool Ayurvedic Pack of 2 Hair Oil600 ml,301,Subcat12,Navratna,FUR-FU-10000628
Phillauri Onion Oil for Hair Regrowth Aryuvedic Hair Oi...300 ml,258,Subcat12,Phillauri,OFF-LA-10003955
Coco Soul Hair Fall Control Hair Oil Ayurvedic Medicine...95 ml,319,Subcat12,Coco,OFF-ADV-10002549
indulekha Bringha Hair Oil50 ml,226,Subcat12,indulekha,OFF-AR-10002897
WOW SKIN SCIENCE Onion Hair Oil for Hair Growth and Hai...200 ml,349,Subcat12,WOW,OFF-AR-10002486
WHEEZAL jaborandi hair oil (110ml) Hair Oil110 ml,125,Subcat12,WHEEZAL,OFF-PA-10002363
EMAMI 7 Oils In One Non Sticky  Hair Oil500 ml,166,Subcat12,EMAMI,OFF-PA-10001972
Kesh King Ayurvedic  Hair Oil300 ml,279,Subcat12,Kesh,FUR-CH-10004652
"mars by GHC Onion Hair Oil, Controls Hair Fall and Prom...200 ml",310,Subcat12,mars,OFF-BI-10004553
MamaEarth Onion Hair Oil for hair growth with Onion & R...250 ml,500,Subcat12,MamaEarth,OFF-OIC-10000121
Rey Naturals Cold-Pressed 100% Pure Castor Oil Hair Oil200 ml,199,Subcat12,Rey,FUR-FU-10002268
Sandarbh Onion Hair Oil with 14 Essential Oils for Hair...60 ml,149,Subcat12,Sandarbh,OFF-LA-10004774
REGLET Onion Oil - Black Seed Onion Hair Oil - WITH COM...60 ml,179,Subcat12,REGLET,FUR-FU-10000221
NATURE LIGHT ON&ON MAHA BHRINGRAJ HERBAL HAIR OIL Hair ...200 ml,380,Subcat12,NATURE,OFF-IBI-10000440
"NIHAR Shanti Amla & Badam Hair Oil, For Black, Silky & ...1000 ml",272,Subcat12,NIHAR,OFF-LA-10003487
Navratna Ayurvedic Cool Hair Oil300 ml,165,Subcat12,Navratna,TEC-OKI-10002750
HAIR & CARE Triple Blend Damage Repair Non-Sticky Hair ...300 ml,121,Subcat12,HAIR,FUR-BO-10003913
Phillauri ADIVASI herbal products Adivasi hair oil Hair...300 ml,251,Subcat12,Phillauri,TEC-PH-10001432
"Organic Harvest Cold Pressed Pure Argan Oil of Morocco,...30 ml",357,Subcat12,Organic,TEC-CO-10000660
EMAMI 7 Oils in 1 Hair Oil300 ml,153,Subcat12,EMAMI,OFF-ST-10000362
"Parachute Advansed Ayurvedic Hot Oil, Warming Coconut H...400 ml",172,Subcat12,Parachute,TEC-PH-10000800
DOVE Hair Fall Rescue Shampoo340 ml,293,Subcat13,DOVE,FUR-TA-10000665
L'Oréal Professionnel Xtenso Care Shampoo250 ml,591,Subcat13,L'Oréal,TEC-AC-10001432
"DOVE Anti Dandruff Solutions Shampoo, Prevents Dandruff...1 L",799,Subcat13,DOVE,FUR-BO-10000967
Kesh King Ayurvedic Scal & Hair Shampoo600 ml,243,Subcat13,Kesh,TEC-PH-10004614
"HIMALAYA Anti-Hair Fall Shampoo,400 ml",196,Subcat13,HIMALAYA,FUR-CH-10003950
HEAD & SHOULDERS Silky Black Shampoo650 ml,370,Subcat13,Head & Shoulders,OFF-ST-10000095
HEAD & SHOULDERS 2 in 1 Anti Dandruff Shampoo+Condition...680,678,Subcat13,Head & Shoulders,TEC-MA-10002874
"MamaEarth ""Onion Hair Fall Shampoo for Hair Growth & Ha...250 ml",321,Subcat13,MamaEarth,FUR-CH-10000488
TRESemme Keratin Smooth Shampoo1 L,579,Subcat13,TRESemme,TEC-CO-10003534
Kesh King Scalp and Hair Medicine Ayurvedic Hairfall Ex...340 ml,225,Subcat13,Kesh,OFF-AR-10003554
"Scalpe Pro Daily Anti Dandruff Shampoo,100ml x 2200 ml",259,Subcat13,ScalpePro,TEC-MA-10003198
HEAD & SHOULDERS Anti-Dundruff Smooth & Silky Shampoo650 ml,360,Subcat13,Head & Shoulders,OFF-PA-10003899
DABUR VATIKA Henna and Amla Health Shampoo640 ml,236,Subcat13,DABUR,TEC-AC-10001564
"L'Oréal Paris Dream Lengths Shampoo, 1 ltr1 L",671,Subcat13,L'Oréal,OFF-AR-10003247
indulekha Bringha Hair Cleanser100 ml,132,Subcat13,indulekha,OFF-AR-10001461
"DOVE Anti Dandruff Clean & Fresh Shampoo, Prevents Dand...1 L",749,Subcat13,DOVE,OFF-AR-10000584
SUNSILK Stunning Black Shine Shampoo & Conditioner990 ml,592,Subcat13,SUNSILK,OFF-SU-10001657
MATRIX Opti Care Smooth Straight Professional Shampoo f...200 ml,257,Subcat13,MATRIX,OFF-AR-10000387
"PANTENE Advanced Haircare Solution, Lively Clean Shampo...650 ml",477,Subcat13,PANTENE,OFF-PA-10000908
Dabur Almond Shampoo650 ml,315,Subcat13,Dabur,OFF-LA-10000950
L'Oréal Paris Total Repair 5 Repairing Shampoo with Ker...1 L,559,Subcat13,L'Oréal,FUR-FU-10001507
SUNSILK Coconut Water and Aloe Vera Volume Hair Shampoo370 ml,218,Subcat13,SUNSILK,FUR-BO-10003384
Kesh King Scalp and Hair Medicine Anti-Dandruff Shampoo340 ml,237,Subcat13,Kesh,FUR-BO-10004404
"PANTENE Advanced Hairfall Solution, 2in1 Anti-Hairfall ...650 ml",507,Subcat13,PANTENE,FUR-CH-10002250
SUNSILK Stunning Black Shine1 L,623,Subcat13,SUNSILK,FUR-CH-10001752
HIMALAYA Anti Hair Fall Shampoo700 ml,359,Subcat13,HIMALAYA,TEC-CO-10002350
L'Oréal Professionnel by L'Oreal Professionnel Absolut ...300 ml,674,Subcat13,L'Oréal,OFF-ROG-10000191
L'Oréal Paris Total Repair 5 Shampoo192.5 ml,171,Subcat13,L'Oréal,TEC-AC-10004353
"L'Oréal Paris 6 Oil Nourish Shampoo, 1 ltr1 L",531,Subcat13,L'Oréal,OFF-BI-10002919
Vedix Ayurvedic Dhavath Hair fall Shampoo For Men With ...100 ml,296,Subcat13,Vedix,OFF-PA-10000994
"Schwarzkopf Simply Color Permanent Hair Colour , 4.68 M...",725,Subcat14,Schwarzkopf,OFF-PA-10000587
"VIP Hair Colour Shampoo 5 in 1 , Black",444,Subcat14,VIP,OFF-AR-10002340
"GARNIER Color Naturals Creme , Shade 1, Natural Black",162,Subcat14,GARNIER,OFF-EN-10001990
"GARNIER Color Naturals Creme , Shade 3, Darkest Brown",160,Subcat14,GARNIER,OFF-PA-10000327
"GARNIER Color Naturals Creme , Shade 3.16, Burgundy",168,Subcat14,GARNIER,OFF-AP-10004958
"GARNIER Color Naturals Creme , Shade 4, Brown",160,Subcat14,GARNIER,TEC-PH-10001128
"L'Oréal Paris Excellence Creme Hair Color , 3 Dark Brow...",496,Subcat14,L'Oréal,TEC-PH-10001751
"Indus Valley Damage Free Gel Hair Color - Black , Black",569,Subcat14,Indus,TEC-CO-10003982
"GARNIER Color Naturals Creme , Shade 5.32, Caramel Brow...",150,Subcat14,GARNIER,OFF-AP-10003308
BEAUTE BLANC Fruit Vinegar Gel Hair Color - Black + Hai...,470,Subcat14,BEAUTE,TEC-MA-10003351
"Schwarzkopf Colour Specialist Permanent Hair Colour , 3...",675,Subcat14,Schwarzkopf,TEC-CO-10002567
"Schwarzkopf Colour Specialist Permanent Hair Colour , 5...",675,Subcat14,Schwarzkopf,OFF-AP-10003842
"GARNIER Color Naturals Creme , Shade 5, Light Brown",160,Subcat14,GARNIER,FUR-FU-10003192
"Bigen Men's Beard Color B 101 , Natural Black",405,Subcat14,Bigen,TEC-CO-10003142
"L'Oréal Paris Casting Creme Gloss Hair Color , Ebony Bl...",506,Subcat14,L'Oréal,TEC-CO-10001968
"L'Oréal Paris Casting Creme Gloss Hair Color , Dark Bro...",506,Subcat14,L'Oréal,TEC-MOT-10001950
"Schwarzkopf Colour Specialist Permanent Hair Colour , 4...",675,Subcat14,Schwarzkopf,OFF-PA-10003139
"Indus Valley Halal Natural- Dark Brown 3.00 , Dark Brow...",569,Subcat14,Indus,OFF-AR-10003536
"L'Oréal Paris Excellence Creme Hair Color , Natural Bro...",520,Subcat14,L'Oréal,TEC-CO-10001756
MamaEarth Natural Henna Paste with Henna & Dark Roasted...,228,Subcat14,MamaEarth,OFF-EN-10004788
"VIP Hair Colour Shampoo For Men and Women , Black",820,Subcat14,VIP,OFF-BIC-10003680
"VIP NATURAL HAIR COLOUR SHAMPOO 180 ML , Black",444,Subcat14,VIP,OFF-LA-10001185
"L'Oréal Paris Excellence Creme Hair Color , Burgundy 3....",496,Subcat14,L'Oréal,OFF-EN-10000755
"BIOTIQUE Bio Herbcolor 1N Natural Black 50 gm +110 ml ,...",242,Subcat14,BIOTIQUE,OFF-PA-10001593
"L'Oréal Paris Excellence Creme Hair Color , Black 1",585,Subcat14,L'Oréal,OFF-PA-10004248
"URBANMAC Fruit Vinegar Gel Based Hair Color , Black",580,Subcat14,URBANMAC,OFF-HAR-10000495
Indus Valley BIO Organic INDIGO HENNA (Indigofera Tinct...,349,Subcat14,Indus,OFF-PA-10002986
Indus Valley BIO Organic Soft Black Henna Hair Color - ...,349,Subcat14,Indus,FUR-CH-10000027
"VIP Hair Colour Shampoo, 180ml , Black",421,Subcat14,VIP,OFF-AP-10002306
"Godrej Expert Rich Creme Hair Colour Pack of 4 , NATURA...",117,Subcat14,Godrej,TEC-CO-10004202
"VIP Hair Colour Shampoo, 20ml (Pack of 6) , Black",271,Subcat14,VIP,OFF-AP-10002361
Indus Valley Damage Free Gel Black Hair Color Touch-up ...,349,Subcat14,Indus,TEC-CIS-10000351
"BEAUTE BLANC FRUIT VINEGAR HAIR GEL bottles , BLACK",470,Subcat14,BEAUTE,TEC-CO-10003992
"URBANMAC Fruit Vinegar Black Gel Color Pack of 1 , BLAC...",470,Subcat14,URBANMAC,TEC-AC-10000483
"BEAUTE BLANC FRUIT GEL COLOR SET OF 1 , NATURAL BLACK",470,Subcat14,BEAUTE,TEC-APP-10001965
"L'Oréal Paris Casting Creme Gloss Hair Color Dark Brow,...",248,Subcat14,L'Oréal,FUR-FU-10003939
"Bigen Men's Speedy , Natural Black",405,Subcat14,Bigen,OFF-ST-10004365
Bigen Long Lasting Powder Hair Colour For Men And Women...,230,Subcat14,Bigen,FUR-IKE-10003642
"L'Oréal Paris Casting Creme Gloss Hair Color, Darkest B...",248,Subcat14,L'Oréal,OFF-SU-10001731
THE MAN COMPANY Black perfume Eau de Toilette  -  50 ml,424,Subcat15,THE MAN COMPNAY,FUR-CH-10003965
Bella vita organic Luxury Unisex Perfume Gift Set For M...,620,Subcat15,Bella Vita,OFF-SU-10001869
FOGG Scent Xtermo 50ml Eau de Parfum  -  50 ml,242,Subcat15,FOGG COMPNAY,TEC-MEM-10002005
Wild Stone Edge Perfume Eau de Parfum  -  50 ml,269,Subcat15,Wild COMPNAY,TEC-MA-10000686
Bella vita organic Mens Perfume Gift Set 4x20 ml Perfum...,620,Subcat15,Bella vita organic COMPNAY,OFF-BOS-10001711
ENVY Men Perfume Eau de Parfum  -  30 ml,148,Subcat15,ENVY,OFF-AP-10003971
ARMAF CLUB DE NUIT INTENSE Eau de Parfum  -  150 ml,436,Subcat15,ARMAF CLUB,OFF-BIC-10001510
BEARDO Whisky Smoke EDP 100 ml Eau de Parfum  -  100 ml,660,Subcat15,BEARDO Whisky ,OFF-CAR-10000202
Bella vita organic Luxury Perfume Gift Set with Long La...,620,Subcat15,Bella Vita,OFF-LA-10000635
Wild Stone Ultra Sensual Perfume Eau de Parfum For Men ...,387,Subcat15,Wild Stone,OFF-FA-10001521
FOGG Scent Impressio Eau de Parfum  -  100 ml,390,Subcat15,FOGG,OFF-FA-10002015
ENVY Combo Perfume For Men and Women 70ML + 70ML Eau de...,376,Subcat15,ENVY Combo,FUR-CH-10001429
Bella vita organic SKAI AQUATIC Perfume For Men & Women...,496,Subcat15,Bella Vita,OFF-AP-10001178
"THE MAN COMPANY Body Perfume Trio (Blanc, Rouge and Ble...",890,Subcat15,THE MAN COMPNAY,FUR-BO-10003706
ARMAF Club De Nuit Intense (NEW) Eau de Parfum  -  150 ...,639,Subcat15,ARMAF Club,FUR-TA-10004308
FOGG Scent Expressio 50ml Eau de Parfum  -  50 ml,242,Subcat15,FOGG COMPNAY,TEC-AC-10004487
"La French 0.6 Perfume, Long Lasting Luxurious Fragrance...",350,Subcat15,La French,OFF-ST-10001490
"ARMAF Club De Nuit EDP for Women, 105 ml Eau de Parfum ...",267,Subcat15,ARMAF Club,TEC-CO-10003965
ENVY Combo Perfume For Men 70ML + 70ML Eau de Parfum  -...,376,Subcat15,ENVY,TEC-AC-10001754
ENVY Women Perfume Eau de Parfum  -  30 ml,148,Subcat15,ENVY,FUR-CH-10003551
"ST-JOHN Cobra Perfume (30 ml Each, Pack Of 2) Eau de Pa...",251,Subcat15,ST JOHN,OFF-ST-10004847
La French Oud Woody Long Lasting Men& Women Perfume Fra...,535,Subcat15,La French,OFF-SU-10001407
Wild Stone Ultra Sensual Eau de Parfum  -  50 ml,272,Subcat15,Wild COMPNAY,FUR-CH-10003109
DENVER Black Code Perfume Eau de Parfum  -  60 ml,223,Subcat15,DENVER COMPNAY,TEC-PH-10001425
THE MAN COMPANY Limitless Eau de Toilette - 100ml (For ...,584,Subcat15,THE MAN COMPNAY,TEC-AC-10003265
Wild Stone Edge Perfume Eau de Parfum  -  100 ml,405,Subcat15,Wild COMPNAY,TEC-MA-10000327
FOGG Scent XTREMO Eau de Parfum  -  100 ml,397,Subcat15,FOGG,TEC-AC-10004652
"Renee Eau De Parfum Bloom, 50ml Eau de Parfum  -  50 ml",499,Subcat15,Renee Eau,TEC-AC-10000241
ENVY Natural Spray Eau de Parfum  -  60 ml,194,Subcat15,ENVY,TEC-PH-10000641
FOGG Scent Impressio 50ml Eau de Parfum  -  50 ml,242,Subcat15,FOGG COMPNAY,FUR-BAR-10004553
THE MAN COMPANY Amour | Perfume for Men | Premium Fragr...,39,Subcat15,THE MAN COMPNAY,OFF-SU-10000997
"LIBERTY Luxury Passion Perfume for Men, Long Lasting Sm...",124,Subcat15,LIBERTY,OFF-PA-10004480
FOGG Scent Tulip 50ml Eau de Parfum  -  50 ml,290,Subcat15,FOGG COMPNAY,OFF-ST-10000130
"THE MAN COMPANY Black EDT Perfume For Men (Pack of 2, 5...",669,Subcat15,THE MAN COMPNAY,OFF-BI-10000721
"PureSense Body Spray Combo (Love British Rose + Madagas...300 ml, Pack of 2",363,Subcat16,PureSense,FUR-FU-10002957
PureSense Selfie Queen Gift Box Deodorant Spray  -  For...205 ml,643,Subcat16,PureSense,OFF-BI-10001621
"DENVER Hamilton Deodorant Deodorant Spray  -  For Men400 ml, Pack of 2",333,Subcat16,DENVER,OFF-SU-10002169
"FOGG 1 Royal and 1 Napoleon Deodorant Combo Pack of 2 D...300 ml, Pack of 2",338,Subcat16,FOGG,TEC-AC-10004938
Kamasutra Spark Power series Body Spray  -  For Men & W...135 ml,185,Subcat16,Kamasutra,OFF-PA-10004746
"SET WET Cool, Charm and Swag Avatar Deodorant Spray  - ...450 ml, Pack of 3",333,Subcat16,SET WET,FUR-FU-10000246
"FOGG Master Intense (Napoleon + Royal) 240ml Body Spray...240 ml, Pack of 2",360,Subcat16,FOGG,OFF-ST-10003017
"PureSense Body Spray Combo Japanese Cherry Blossom+ Mad...300 ml, Pack of 2",363,Subcat16,PureSense,FUR-HON-10001558
"DENVER Sporting Club Victor Gift Set Deodorant Spray  -...260 ml, Pack of 2",389,Subcat16,DENVER,FUR-ELD-10004994
"NIVEA MEN 42k Deodorant, with Silver Ions Technology fo...150 ml",175,Subcat16,NIVEA,OFF-SU-10004236
"Engage Perfume Body Spray - For Women(120 ml) Deodorant...240 ml, Pack of 2",295,Subcat16,Engage,OFF-TEN-10001129
THE MAN COMPANY Non-Gas Body Perfume For Men - Noir (12...120 ml,314,Subcat16,THE MAN COMPANY,OFF-ST-10000016
"BOMBAY SHAVING COMPANY Red Spice and Black Vibe Deodora...300 ml, Pack of 2",213,Subcat16,BOMBAY,OFF-LA-10002107
"Kamasutra Spark and Urge Deodorant Spray  -  For Men150 ml, Pack of 2",180,Subcat16,Kamasutra,FUR-FU-10003874
"FOGG Deo Combo Pack (EXTREME + DYNAMIC 300ml) Body Spra...300 ml, Pack of 2",349,Subcat16,FOGG,OFF-LA-10003140
"Kamasutra Gift Deodorant Spray  -  For Men600 ml, Pack of 4",555,Subcat16,Kamasutra,OFF-AR-10004511
"BRUT Original Deodorant Spray for Men Deodorant Spray  ...400 ml, Pack of 2",341,Subcat16,BRUT,OFF-IBI-10004959
Bella vita organic CEO Body Parfum - Premium & Long Las...150 ml,224,Subcat16,Bella vita,OFF-SAN-10003285
"secret temptation Body Deodorant Pack Of 3 ( Romance ) ...450 ml, Pack of 3",448,Subcat16,secret,TEC-CO-10000847
FOGG Napoleon Fragnance Body Deodorant Spray  -  For Me...150 ml,184,Subcat16,FOGG,TEC-PH-10002923
"THE MAN COMPANY Combo For Multifaceted Man Deodorant Sp...480 ml, Pack of 4",939,Subcat16,THE MAN COMPANY,OFF-AR-10004115
"THE MAN COMPANY Body Deodorant Trio Pack for Men | Kopa...360 ml, Pack of 3",932,Subcat16,THE MAN COMPANY,OFF-BI-10003022
"FOGG Master Napoleon Intense (Pack of 2) 240ml Body Spr...240 ml, Pack of 2",338,Subcat16,FOGG,OFF-SU-10001831
"SET WET Charm Avatar Deodorant & Body Spray Perfume Deo...300 ml, Pack of 2",231,Subcat16,SET WET,OFF-BI-10000787
DENVER Hamilton Deodorant Spray  -  For Men200 ml,185,Subcat16,DENVER,OFF-AR-10000716
"PARK AVENUE ORIGINAL DEO COOL BLUE 100GM (PACK OF 2) Bo...300 ml, Pack of 2",257,Subcat16,PARK,OFF-ST-10002011
"Wild Stone bronze combo Body Spray  -  For Men240 ml, Pack of 2",287,Subcat16,Wild Stone,FUR-SAF-10001793
"DENVER Hamilton and Pride Combo Deodorant Spray  -  For...400 ml, Pack of 2",333,Subcat16,DENVER,FUR-CH-10000660
FOGG Marco Deodorant Spray  -  For Men150 ml,179,Subcat16,FOGG,TEC-SHA-10000971
"KS Urge Buy 1 Get 1 Deodorant Spray  -  For Men300 ml, Pack of 2",152,Subcat16,Kamasutra,FUR-BAR-10003465
Kamasutra KS Spark Deo 150 ml Deodorant Spray  -  For M...150 ml,187,Subcat16,Kamasutra,OFF-SAN-10002323
"Wild Stone Intense Black No Gas Deo Deodorant Spray  - ...300 ml, Pack of 2",300,Subcat16,Wild Stone,FUR-CH-10000110
"Wild Stone Intense Black, Wood and Ocean No Gas Deodora...360 ml, Pack of 3",473,Subcat16,Wild Stone,OFF-XER-10002256
"DENVER Hamilton and Imperial Combo Deodorant Spray  -  ...400 ml, Pack of 2",344,Subcat16,DENVER,OFF-ELD-10003038
Wild Stone Hydra Energy Body Spray  -  For Men150 ml,139,Subcat16,Wild Stone,OFF-STA-10001636
"ANJU PHARMACEUTICALS Zalim x Malam (14 gm * 6 pc) Antiseptic Ointment  (0.084 kg, Pack of 6)",130,Subcat17,ANJU ,OFF-PA-10004600
Himalaya Herbals Pilex Cream ( Pack of 1 ) Antiseptic Ointment  (30 g),128,Subcat17,Himalaya,OFF-ACC-10000102
LYCIMOND Hydro-Gel based Ointment Antiseptic Ointment  (50 g),200,Subcat17,Lycimond,TEC-MA-10001831
VEDIVA Knee & Muscle Pain Pack Of 2 Balm,1690,Subcat18,VEDIVA,OFF-SU-10000866
VEDIVA Ortho ayu Muscle pain Balm,1690,Subcat18,VEDIVA,OFF-SU-10004119
DEEMARK Ortho Pain Relief Balm,159,Subcat18,DEEMARK,TEC-AC-10004406
DEEMARK Ortho Balm & Ortho Oil ( 50grm + 100mL) - Joint...,300,Subcat18,DEEMARK,FUR-BUS-10004121
Tiger Balm IMPORTED WHITE OINTMENT BALM Balm,290,Subcat18,Tiger,OFF-FA-10003007
DEEMARK Ortho Pain Relief Balm,480,Subcat18,DEEMARK,OFF-ELI-10000044
DEEMARK ortho pain Relief Balm Pack of 2 Balm,300,Subcat18,DEEMARK,OFF-EN-10003661
DEEMARK Ortho pain relief Balm Pack of 5 Balm,800,Subcat18,DEEMARK,TEC-AC-10001835
Tiger Balm Balm White 30g Balm,350,Subcat18,Tiger,OFF-BIN-10000837
Tiger Balm White Ointment for Headache & Nasal Congesti...,528,Subcat18,Tiger,OFF-EN-10003675
DEEMARK Ortho Pain Relief Balm Pack of 3 Balm,480,Subcat18,DEEMARK,OFF-AR-10000706
DEEMARK 0A-04 Balm,300,Subcat18,DEEMARK,OFF-BI-10001758
HIMALAYA Pain Balm Strong Fast relief from Pain Mint 45...,482,Subcat18,HIMALAYA,OFF-LA-10001413
Tiger Balm Balm Red 30g Balm,350,Subcat18,Tiger,OFF-LA-10001019
Tiger Balm BALM LOTION STRONG PAIN RELIEF 80 ML Balm,675,Subcat18,Tiger,OFF-EAT-10001137
Tiger Balm WHITE 30G Balm,298,Subcat18,Tiger,TEC-AC-10003237
DEEMARK 0A-04 Balm,2499,Subcat18,DEEMARK,OFF-ACC-10002327
DEEMARK pack of 20 (1kg) Balm,2999,Subcat18,DEEMARK,OFF-IBI-10000779
DEEMARK Ortho Pain Relief (Pack of 6) Balm,860,Subcat18,DEEMARK,FUR-TEN-10004549
Tiger Balm IMPORTED WHITE OINTMENT BALM 30 GM PACK OF 2...,799,Subcat18,Tiger,FUR-HON-10003871
DEEMARK Ortho Balm 50gm & Ortho Tab 30 - Joint Pain & M...,300,Subcat18,DEEMARK,FUR-TA-10001089
"DEEMARK Ortho Balm (50gm), Ortho Oil (50ml) & Ortho Tab...",349,Subcat18,DEEMARK,OFF-BI-10001359
HIMALAYA Pain Balm Strong Fast relief from Pain Mint 45...,430,Subcat18,HIMALAYA,OFF-ST-10003837
Tiger Balm White Ointment #Imported [Made in Singapore]...,399,Subcat18,Tiger,FUR-CH-10001313
Tiger Balm RED [Made in Singapore] Balm,299,Subcat18,Tiger,OFF-ST-10003256
Tiger Balm RED OINTMENT [Made in Singapore] Balm,299,Subcat18,Tiger,TEC-AC-10000844
DEEMARK Ortho Pain Relief - Pack of 2 Balm,316,Subcat18,DEEMARK,TEC-MA-10002210
"DEEMARK Ortho Pain Relief 50gm, Pack of 4 Balm",593,Subcat18,DEEMARK,FUR-BO-10004504
Tiger Balm B0727ZB7FS Balm,325,Subcat18,Tiger,FUR-CH-10001674
Tiger Balm Red Ointment Balm,399,Subcat18,Tiger,FUR-DAN-10004625
DEEMARK Ortho Pain Relief Balm,320,Subcat18,DEEMARK,FUR-CH-10000994
"DEEMARK Ortho Balm (50gm), Ortho Oil (100ml) & Ortho Ta...",469,Subcat18,DEEMARK,FUR-CH-10004312
Tiger Balm White Ointment 19.4g - Pack of 2 Balm,475,Subcat18,Tiger,FUR-FU-10000069
Tiger Balm Red Ointment (Pack of 4) Balm,352,Subcat18,Tiger,OFF-SU-10004496
"HIMALAYA COLD BALM RAPID ACTION 45g Each, Pack of 2 Bal...",229,Subcat18,HIMALAYA,OFF-AR-10002538
DEEMARK Ortho Pain Relief Balm,159,Subcat18,DEEMARK,TEC-AC-10003861
DEEMARK Pain relief balm 50 gm & oil 100 ml Balm,315,Subcat18,DEEMARK,TEC-PH-10001587
DEEMARK Ortho Balm 50gm+Ortho Oil 50ml Pack of 4 Balm,635,Subcat18,DEEMARK,FUR-FU-10001640
Tiger Balm Red & White Ointment Balm,282,Subcat18,Tiger,OFF-AR-10000658
VEDIVA Orthoayu Knee Relief Pain Balm,1690,Subcat18,VEDIVA,TEC-AC-10001606
MOTHER DAIRY Toned Milk,70,Subcat19,MOTHER DAIRY,OFF-BI-10001400
Nandini Good Life Toned Milk,60,Subcat19,Nandini,FUR-FU-10001674
Amul Taaza Homogenised Toned Milk,67,Subcat19,Amul,FUR-FU-10002116
Nandini Buffalo Milk,30,Subcat19,Nandini,TEC-MOT-10002372
Heritage Special Long Life Milk,26,Subcat19,Heritage,OFF-XER-10003495
Amul Lactose Free Milk,24,Subcat19,Amul,OFF-BI-10002354
NESTLE a+ Nourish Toned Milk,82,Subcat19,NESTLE a,TEC-PH-10003405
Amul Moti Toned Milk,29,Subcat19,Amul,OFF-HON-10001102
Milky Mist Toned Milk (UHT),65,Subcat19,Milky Mist,OFF-ST-10003243
Nestle a+ Nourish,83,Subcat19,Nestle,OFF-FEL-10001343
Nandini Slim Skimmed Milk,58,Subcat19,Nandini,OFF-EN-10001109
Amul Gold,72,Subcat19,Amul,OFF-BOS-10000477
Nandini Goodlife Gold Homogenised Standardised Milk,64,Subcat19,Nandini,OFF-STA-10001968
Go Daily Milk,70,Subcat19,Go,OFF-AVE-10002311
Go Supremo Milk,68,Subcat19,Go,OFF-PA-10000344
Amul Slim n Trim Skimmed Milk,79,Subcat19,Amul,FUR-RUB-10001717
Milky Mist Double Toned Milk (UHT),73,Subcat19,Milky,OFF-ST-10000542
Namaste india UHT Homogenised,72,Subcat19,Namaste india,TEC-AC-10001352
"NESTLE a+ Slim Skimmed Milk, (TetraPack)",89,Subcat19,NESTLE,TEC-AC-10001728
"Borges Rice & Walnut Drink, 100% Plant Based Milk Alter...",200,Subcat19,Borges,OFF-ST-10001869
"Borges Rice & Almond Drink, 100% Plant Based Milk Alter...",200,Subcat19,Borges,OFF-PA-10000349
"Borges Rice & Walnut Drink And Rice & Almond Drink, 100...",599,Subcat19,Borges,OFF-SU-10001992
strawfit Milk Flavoring Straw With Colostrum Chocolate|...,399,Subcat19,strawfit,OFF-FA-10004664
"strawfit Chocolate,Vanilla,Strawberry Milk Flavoring St...",399,Subcat19,strawfit,OFF-AR-10002445
Milky Mist Plain Curd,38,Subcat20,Milky Mist,OFF-AP-10001303
Milky Mist Farm Fresh Plain Curd,105,Subcat20,Milky Mist,OFF-AR-10003651
Heritage Premium Plain Curd,88,Subcat20,Heritage,FUR-FU-10000762
Godrej Jersey Thick and Tasty Plain Curd,89,Subcat20,Godrej,OFF-STA-10004885
Milky Mist Farm Fresh Plain Curd,57,Subcat20,Milky Mist,OFF-FA-10003638
Godrej Jersey Curd Plain Curd,35,Subcat20,Godrej,OFF-BI-10003166
Milky Mist Pro Biotic Plain Curd,56,Subcat20,Milky Mist,OFF-LA-10000714
Heritage Premium Plain Curd,22,Subcat20,Heritage,OFF-FA-10001702
Milky Mist Fruit Yogurt Mango,26,Subcat20,Milky Mist,OFF-GLO-10004223
Milky Mist Stirred Fruit Yogurt Blueberry,27,Subcat20,Milky Mist,OFF-BI-10004140
Amul Shrikhand Flavored Curd Elaichi,42,Subcat20,Amul,OFF-EN-10004909
"Amul Shrikhand Flavored Curd Badam, Pista",48,Subcat20,Amul,OFF-LA-10000540
Kesh King Scalp and Hair Medicine Anti-Dandruff Shampoo,166,Subcat20,Kesh King,TEC-PH-10001760
Godrej Jersy Fruit Yogurt Mango,18,Subcat20,Godrej,TEC-PH-10001557
Mamie Yova Deliciously Natural French Plain Yogurt,42,Subcat20,Mamie,OFF-EN-10004846
Milky Mist Shrikhand Flavored Curd Mango,117,Subcat20,Milky Mist,OFF-SU-10003567
Milky Mist Stirred Peach Fruit Yogurt Peach,27,Subcat20,Milky Mist,OFF-FA-10000735
EPIGAMIA Greek Fruit Yogurt Blueberry,43,Subcat20,EPIGAMIA,OFF-PA-10001838
Nestle a+ Slim Dahi Plain Curd,76,Subcat20,Nestle,TEC-AC-10003038
Nestle a+ Actiplus Probiotic Dahi Plain Curd,77,Subcat20,Nestle,TEC-PH-10003636
Nestle a+ Nourish Dahi Plain Curd,24,Subcat20,Nestle,FUR-CH-10001582
EPIGAMIA Greek Fruit Yogurt Wild Raspberry,39,Subcat20,EPIGAMIA,TEC-AC-10004171
EPIGAMIA Snack Pack Greek Flavored Yogurt Mango Chunky ...,60,Subcat20,EPIGAMIA,OFF-BIC-10004976
Nestle a+ Grekyo Greek Flavored Yogurt Blueberry,42,Subcat20,Nestle,FUR-BO-10003221
Milky Mist Shrikhand Flavored Curd Elaichi,32,Subcat20,Milky Mist,TEC-PH-10004105
Nestle a+ Greek Flavored Yogurt Strawberry,37,Subcat20,Nestle,TEC-HEW-10003260
"Naturin Pack of 3-Tandoori Mayo 290g, Peri-Peri Mayo 29...",399,Subcat21,Naturin,FUR-CH-10001726
"Naturin Combo Pack of 2- Tandoori Mayo, Mayonese 290g a...",279,Subcat21,Naturin,TEC-PH-10001299
FUN FOOD Veg Mayonnaise Original 875 GM 875 g,289,Subcat21,Fun Food,OFF-ST-10003208
Hellmann's Garlic & Herb Sauce 260g 260 g,780,Subcat21,Hellmann's,TEC-CO-10000972
VEEBA EGGLESS MAYONNAISE CHEF'S SPL. 875 g,338,Subcat21,Veeba Eggless,FUR-DEF-10000572
American Garden IMPORTED MAYONISE 850 ml,799,Subcat21,American Garden,FUR-CH-10004844
FUN FOOD VEG MAYONNAISE +PIZZA TOPPING 725 g,365,Subcat21,Fun Food,TEC-SAM-10003493
"Naturin Pack of 3-Tandoori Mayo 290g, Achaari Mayo 290g...",399,Subcat21,Naturin,FUR-CH-10004969
FUNFOODS by Dr. Oetker Veg Mayonnaise Original 400 gm +...,370,Subcat21,Fun Food,OFF-BI-10001984
Hellmann's Chunky Burger Sauce 250ml 250 ml,799,Subcat21,Hellmann's,OFF-EN-10004571
"Naturin Mayo Original, Pack of 2 | 100% Vegetarian Mayo...",219,Subcat21,Naturin,OFF-PA-10002524
VEEBA Eggless Mayonnaise 1 kg,260,Subcat21,Veeba Eggless,OFF-IBI-10003541
K3 Masala Tandoori Mayonnaise.(Pack of 1) 100 g,188,Subcat21,K3 Masala,FUR-FU-10004018
FUNFOODS by Dr. Oetker VEG MAYONNAISE ORIGINAL 875G 875...,300,Subcat21,Fun Food,TEC-AC-10000398
Del Monte EGG-LESS MAYONNAISE PACK OF 5 (1 KG EACH) 5 k...,1000,Subcat21,Del Monte,TEC-PH-10001615
VEEBA EGGLESS MAYONNAISE 250 GM 250 g,98,Subcat21,Veeba Eggless,TEC-AC-10000097
FUNFOODS by Dr. Oetker FUNFODDS VEG MAYONNAISE ORIGINAL...,258,Subcat21,Fun Food,OFF-FA-10002895
FUNFOODS by Dr. Oetker GARLIC 100 g,215,Subcat21,Fun Food,OFF-LA-10002674
Amul MAYONNAISE 450 g,125,Subcat21,Amul,OFF-EAT-10003338
FUN FOOD Mayonnaise Green Mint 500 g,228,Subcat21,Fun Food,OFF-BI-10000070
FUNFOODS by Dr. Oetker Veg Mayonnaise Orignal 250 Gram ...,242,Subcat21,Fun Food,OFF-ST-10001707
FUN FOOD Veg Mayonnaise Orignal 250 g,153,Subcat21,Fun Food,TEC-PH-10001552
FUNFOODS by Dr. Oetker Chocolate Peanut Butter 400g - P...,527,Subcat21,Fun Food,TEC-PH-10001750
FUNFOODS by Dr. Oetker FF veg mayonnaise garlic 250 gm ...,144,Subcat21,Fun Food,TEC-AC-10000023
FUNFOODS VEG MAYONNAISE ORIGINAL & PASTA & PIZZA SAUCE ...,241,Subcat21,Fun Food,OFF-LA-10001569
FUNFOODS by Dr. Oetker Veg mayonnaise olive Oil 250 gra...,156,Subcat21,Fun Food,FUR-HAR-10001144
Hellmann's Hot Garllic Chilli Sauce 256g 256 g,799,Subcat21,Hellmann's,OFF-BIC-10002270
FUNFOODS by Dr. Oetker Veg Mayonnaise Orignal 250 Gram ...,152,Subcat21,Fun Food,OFF-LA-10004745
FUNFOODS by Dr. Oetker VEG MAYONNAISE 875. GM 875 g,285,Subcat21,Fun Food,FUR-FU-10001126
Hellmann's Roasted Garlic Mayonnaise 250ml 250 ml,699,Subcat21,Hellmann's,FUR-FU-10004313
SUHANA Pure Cow Ghee Plastic Bottle Ghee 400 ml Plastic...,339,Subcat22,SUHANA,OFF-BI-10001098
Vachan Desi Ghee 1 L Plastic Bottle,650,Subcat22,Vachan,OFF-AR-10004986
AASHIRVAAD Svasti Pure Cow Ghee 1 L Plastic Bottle,710,Subcat22,AASHIRVAAD,OFF-BI-10004980
AASHIRVAAD Pure Cow Ghee 750 ml Tetrapack,465,Subcat22,AASHIRVAAD,OFF-FA-10003885
Indicow A2 Cow Ghee 500ml Ghee 500 ml Plastic Bottle,484,Subcat22,Indicow,FUR-FU-10003605
LILADHAR Desi Ghee with Rich Aroma | Boosts Immunity | ...,409,Subcat22,LILADHAR,FUR-CH-10001044
Vedic Ghee Kesariya Farm Gir Cow's Pure A2 Ghee (1ltr) ...,950,Subcat22,Vedic,FUR-BO-10003272
Ketofy A2 Cow Ghee | Contains Beta-Casein Protein | Nou...,699,Subcat22,Ketofy,TEC-CO-10002269
Gavyamart Indian A2 Cow Ghee 100% Pure Non GMO - Made o...,999,Subcat22,Gavyamart,OFF-BI-10003616
"Anveshan A2 Ghee, 500 ml, Made From Desi Cow Milk by Tr...",999,Subcat22,Anveshan,OFF-ST-10000872
Vedic Ghee Kesariya Farm Gir Cow's Pure A2 Ghee 250 ml ...,545,Subcat22,Vedic,FUR-DAN-10002967
Anveshan A2 Vedic Bilona Cow Ghee 5-Litres in Tin Can (...,998,Subcat22,Anveshan,TEC-HP -10003618
Anveshan A2 Ghee Made From Desi Cow Milk by Traditional...,999,Subcat22,Anveshan,FUR-ADV-10004971
"Gavyamart Vedic Bilona Ghee in Pantry, 100% Pure Kankre...",800,Subcat22,Gavyamart,TEC-CO-10004813
BOLDVEDA A2 Ghee - Desi Gir Cow Ghee Pure & Natural Han...,799,Subcat22,BOLDVEDA,TEC-MA-10004143
Anveshan A2 Ghee Made From Desi Cow Milk by Traditional...,999,Subcat22,Anveshan,OFF-PA-10003115
Naturewell Desi Buffalo Ghee (Helps Reduces Joint Pain ...,553,Subcat22,Naturewell,FUR-CH-10004754
BOLDVEDA A2 Ghee - Desi Gir Cow Ghee Pure & Natural Mad...,525,Subcat22,BOLDVEDA,OFF-BI-10000734
Nutralite DoodhShakti Pure Ghee 1 L Carton,624,Subcat22,Nutralite,TEC-AC-10003628
Naturewell Organics Desi Cow Ghee Pure & Natural Hand M...,699,Subcat22,Naturewell,OFF-PA-10002923
Kapiva A2 Desi Ghee (Helps Reduces Joint Pain and Impro...,199,Subcat22,Kapiva,TEC-AC-10001267
Ananda Ghee 900 ml Tetrapack,675,Subcat22,Ananda,FUR-FU-10003849
Gavyamart Indian A2 Cow Ghee 100% Pure Non GMO - Made o...,998,Subcat22,Gavyamart,TEC-MA-10000261
Healthy Roots 100% Pure A2 Pure Desi Ghee 500ml Traditi...,849,Subcat22,Healthy,OFF-AR-10003012
Gavyamart Indian A2 Cow Ghee 100% Pure Non GMO - Made o...,800,Subcat22,Gavyamart,OFF-BI-10000050
UNIBIC Vanilla Delight Cream Filled75 g,54,Subcat23,UNIBIC,FUR-FU-10001588
Sunfeast Dark Fantasy Choco Fills Cream Filled300 g,113,Subcat23,Sunfeast,OFF-LA-10003644
"BRITANNIA Tiger Krunch Chocochips Sweet & Salty400 g, Pack of 4",53,Subcat23,BRITANNIA,FUR-FU-10002759
UNIBIC Cashew Badam Cookies500 g,75,Subcat23,UNIBIC,OFF-LA-10000634
Sunfeast 5 Grain Digestive Biscuit High Fiber800 g,105,Subcat23,Sunfeast,TEC-AC-10004203
"Sunfeast Rich Taste Marie Biscuit1 kg, Pack of 10",93,Subcat23,Sunfeast,FUR-HON-10000339
BRITANNIA Nutrichoice Sugar Free Cracker Salted Biscuit300 g,47,Subcat23,BRITANNIA,OFF-LA-10004918
"UNIBIC Assorted Cookies450 g, Pack of 6",104,Subcat23,UNIBIC,OFF-BI-10002047
Sunfeast Dark Fantasy Choco Nut Cream Filled75 g,34,Subcat23,Sunfeast,OFF-AR-10000940
"BRITANNIA Good Day Chocochip s Cookies400 g, Pack of 4",76,Subcat23,BRITANNIA,OFF-PA-10002195
"BRITANNIA Good Day Cashew Cookies1000 g, Pack of 10",138,Subcat23,BRITANNIA,TEC-AC-10000199
BRITANNIA Potazos Spicy Biscuit71.5 g,20,Subcat23,BRITANNIA,OFF-AP-10004249
BRITANNIA NutriChoice 5 Grain Digestive Multigrain Bisc...200 g,63,Subcat23,BRITANNIA,OFF-AP-10000304
Sunfeast Dark Fantasy Yumfills Cake Cookie Cake253 g,78,Subcat23,Sunfeast,TEC-CO-10004182
BRITANNIA Gold Marie Biscuit950 g,128,Subcat23,BRITANNIA,FUR-NOV-10002791
UNIBIC Fruit and Nut Cookies500 g,76,Subcat23,UNIBIC,OFF-ST-10003020
"BRITANNIA NutriChoice Digestive High Fibre Biscuits Dig...1 kg, Pack of 5",175,Subcat23,BRITANNIA,FUR-TA-10002797
BRITANNIA Treat Cream Vanilla Wafers60 g,20,Subcat23,BRITANNIA,FUR-BO-10000728
OREO Original Chocolatey Cream Sandwich500 g,93,Subcat23,OREO,TEC-CO-10000594
Sunfeast Mom's Magic Cashew and Almonds Cookies584 g,88,Subcat23,Sunfeast,FUR-CH-10000214
"Sunfeast Dark Fantasy Choco Fills Cream Filled600 g, Pack of 2",440,Subcat23,Sunfeast,TEC-PH-10002647
"Sunfeast bounce double cream vanilla and chocolate and ...800 g, Pack of 24",449,Subcat23,Sunfeast,OFF-BRE-10003081
OREO Soft Cake Cookies Chocolate Cookie Cake230 g,499,Subcat23,OREO,TEC-AC-10002881
"OREO Chocolate Crème Pack of 2 Cookies266 g, Pack of 2",285,Subcat23,OREO,FUR-CH-10000666
"OREO Mini Strawberry Flavoured Cream Biscuit Cup (Pack ...61.3 g, Pack of 2",395,Subcat23,OREO,OFF-ST-10002066
"OREO Mini Cup Strawberry & Chocolate Flavoured Cream Bi...244 g, Pack of 4",495,Subcat23,OREO,OFF-LA-10003396
"Sunfeast bounce elichi cream combo pack 800 gm Plain800 g, Pack of 24",475,Subcat23,Sunfeast,OFF-BIC-10000582
"OREO Mini Cup Chocolate & Strawberry Flavoured Cream Bi...122 g, Pack of 2",370,Subcat23,OREO,OFF-ROG-10004393
"OREO Chocolate Wafer Roll,54g Cream Filled54 g",369,Subcat23,OREO,OFF-STI-10000388
"UNIBIC Fruit & Nut Tiffin Pack | Ideal pack to carry in...900 g, Pack of 12",342,Subcat23,UNIBIC,OFF-CAM-10004338
"OREO Chocolate Chip Sandwich Cookies With Blueberry Ice...266 g, Pack of 2",499,Subcat23,OREO,OFF-FA-10002569
"UNIBIC Choco Kiss Cookies750 g, Pack of 3",432,Subcat23,UNIBIC,OFF-ADV-10000213
"Sunfeast DARK FANTASY & YUMFILLS PIE Cookies277 g, Pack of 2",437,Subcat23,Sunfeast,OFF-AR-10003377
Cadbury Moments Oreo Cookies 400 gram Cookies400 g,286,Subcat23,Cadbury,TEC-PH-10002890
Cadbury OREO MOMWNTS Cookies500 g,285,Subcat23,Cadbury,TEC-ENE-10002254
"Sunfeast DARK FANTASY CHOCO FILLS 300 GM X 2 Cream Fill...600 g, Pack of 2",365,Subcat23,Sunfeast,OFF-FA-10002011
"Cadbury Oreo Original Chocolatey Sandwich Biscuit Famil...600 g, Pack of 2",239,Subcat23,Cadbury,OFF-BI-10000666
Sunfeast DARK FANTASY CHOCO FILLS 300 GM Cream Filled300 g,215,Subcat23,Sunfeast,OFF-WIL-10001889
PARLE Premium Elaichi Rusk182 g,29,Subcat24,PARLE,OFF-FA-10001843
PARLE Premium Real Elaichi Rusk5 x 0.2 kg,144,Subcat24,PARLE,TEC-STA-10002497
BRITANNIA Premium Sooji Rusk250 g,47,Subcat24,BRITANNIA,FUR-CH-10000432
BRITANNIA Toastea NA flavored Sooji Rusk700 g,77,Subcat24,BRITANNIA,TEC-PAN-10000577
Pran Family Toast Milk Rusk200 g,41,Subcat24,Pran,TEC-STA-10000893
Pran Toast Garlic Rusk200 g,41,Subcat24,Pran,TEC-KON-10002034
Elite Classic Milk Rusk405 g,57,Subcat24,Elite,TEC-CO-10002271
BRITANNIA Premium Bake Sooji Rusk150 g,35,Subcat24,BRITANNIA,FUR-BO-10001972
Elite Crunchy Milk Rusk270 g,38,Subcat24,Elite,FUR-TA-10002958
Grami Superfoods Artisan Ragi Rusk180 g,69,Subcat24,Grami,FUR-DAN-10001462
BRITANNIA Treat Cream Vanilla Wafers60 g,19,Subcat24,BRITANNIA,OFF-BI-10004593
Dukes Waffy Chocolate flavoured Wafer roll Waffles250 g,70,Subcat24,Dukes,TEC-PH-10003102
BRITANNIA Treat Cream Orange Wafers60 g,19,Subcat24,BRITANNIA,TEC-CO-10003951
BRITANNIA Treat Cream Strawberry Wafers60 g,19,Subcat24,BRITANNIA,OFF-KIT-10001040
Dukes Waffy - Vanilla flavoured creamy & crunchy Wafers2 x 60 g,40,Subcat24,Dukes,OFF-AP-10002534
BRITANNIA Treat Cream Chocolate Wafers60 g,20,Subcat24,BRITANNIA,FUR-ELD-10003131
Dukes Waffy - flavoured creamy & crunchy Wafers2 x 60 g,44,Subcat24,Dukes,OFF-SME-10002740
Dukes Waffy - Chocolate flavoured creamy & crunchy Wafe...2 x 60 g,43,Subcat24,Dukes,TEC-APP-10004049
Veg E Wagon Pista Toast 400 g in Pouch Pista flavored M...400 g,178,Subcat24,Veg,OFF-FA-10004899
"HEALTHY TRENDS WholeWheat Milk Toast - No Maida, Only C...5 x 200 g",416,Subcat24,HEALTHY,TEC-MEM-10004782
tasty trends CAKE RUSK - PACK OF 3 - 975 Grams VANILLA ...3 x 325 g,474,Subcat24,tasty trends,OFF-ST-10001576
tasty trends Milk - Jeera - Combo of Sweet & Salty Bake...2100 g,452,Subcat24,tasty trends,OFF-BI-10000542
tasty trends CAKE RUSK - BIG PACK - 325 GRAMS VANILLA f...325 g,197,Subcat24,tasty trends,OFF-BI-10003429
tasty trends Elaichi Toast 70 gms x 20 packs Elaichi fl...20 x 70 g,330,Subcat24,tasty trends,FUR-HON-10000191
tasty trends JEERA - ELAICHI - COMBO OF NEW FLAVOURS IN...2100 g,494,Subcat24,tasty trends,OFF-ST-10002486
tasty trends Milk Toast 70 gm (Pack of 20 pkts) Milk fl...20 x 70 g,361,Subcat24,tasty trends,OFF-FA-10003058
TT Handmade SOOJI RUSK AND MILK RUSK Cookies (PACK OF 1...16 x 312.5 g,649,Subcat24,TT,OFF-LA-10000305
TT Handmade MILK RUSK Cookies (PACK OF 8) NA flavored M...8 x 350 g,919,Subcat24,TT,OFF-LA-10002782
TT Handmade MILK RUSK Cookies (PACK OF 16) NA flavored ...16 x 350 g,588,Subcat24,TT,OFF-EN-10003577
TT Handmade Milk Rusk NA flavored Milk Rusk4 x 87.5 g,544,Subcat24,TT,OFF-AR-10003560
TT Handmade Sooji Rusk NA flavored Sooji Rusk4 x 275 g,544,Subcat24,TT,OFF-BIN-10001274
TT Handmade SOOJI RUSK AND MILK RUSK Cookies (PACK OF 8...8 x 312.5 g,919,Subcat24,TT,TEC-PH-10004700
NESTLE Milkybar Bars24.5 g,14,Subcat25,Nestle,OFF-ADV-10000331
"NESTLE KITKAT Dessert Delight Divine Choco Pudding, Waf...50 g",51,Subcat25,Nestle,OFF-EN-10001976
Cadbury Dairy Milk Silk Fruit and Nut Bars137 g,149,Subcat25,Cadbury,OFF-SU-10004306
Cadbury Perk Home Treats Chocolate Bars175.5 g,69,Subcat25,Cadbury,TEC-AC-10001735
"NESTLE Munch Chocolate Coated Crunchy Wafer, Share Pack...187.2 g",69,Subcat25,Nestle,TEC-AC-10000736
"NESTLE KITKAT Dessert Delight Heavenly Brownie-Kubes, W...50 g",56,Subcat25,Nestle,OFF-FA-10000353
BRITANNIA Treat Cocoa Creme Roll Croissants45 g,15,Subcat25,Britannia,TEC-AC-10001284
Cadbury Dairy Milk Minis Bars126 g,84,Subcat25,Cadbury,OFF-EN-10001415
Cadbury Dairy Milk Home Treats Chocolate Bars126 g,113,Subcat25,Cadbury,TEC-HEW-10001074
"NESTLE KITKAT Dessert Delight Tempting Truffle, Wafer C...50 g",56,Subcat25,Nestle,TEC-PH-10000705
Cadbury Dairy Milk Silk Fruit and Nut Chocolate Bars55 g,69,Subcat25,Cadbury,OFF-ST-10004060
"NESTLE Kitkat 2 Finger Wafer Bar, Share Bag (7 Units X ...119 g",78,Subcat25,Nestle,TEC-STA-10004181
Lavian Exotique Caramel Truffles40 g,28,Subcat25,Lavian,TEC-EPS-10001644
Priyagold Italiano with Crunchy Chocochips Cookies50 g,40,Subcat25,Priyagold,OFF-TEN-10000433
Cadbury Dairy Milk Chocolate Bars24 g,18,Subcat25,Cadbury,FUR-BO-10002308
Cadbury Dairy Milk Silk Roast Almond Bars143 g,149,Subcat25,Cadbury,OFF-ELD-10004625
Cadbury Bournville Cranberry Dark Chocolate Bars80 g,75,Subcat25,Cadbury,TEC-MA-10003856
NESTLE Kitkat Chocolate coated Wafer Bars38.5 g,27,Subcat25,Nestle,OFF-ST-10004315
Cadbury 5 Star Home Treats Bars200 g,104,Subcat25,Cadbury,OFF-STA-10003756
Cadbury Dairy Milk Silk Chocolate Bars60 g,71,Subcat25,Cadbury,OFF-ST-10000806
Cadbury Dairy Milk Silk Roast Almond Bars6 x 58 g,390,Subcat25,Cadbury,OFF-EN-10001771
Cadbury Bournville Cranberry Dark Chocolate Bars5 x 80 g,400,Subcat25,Cadbury,OFF-PA-10000935
Cadbury Bournville Dark Chocolate Bar with Fruit & Nut ...4 x 80 g,328,Subcat25,Cadbury,FUR-ELD-10003828
Cadbury Dairy Milk Silk Chocolate Bars6 x 60 g,418,Subcat25,Cadbury,OFF-EN-10001975
Cadbury Dairy Milk Silk Oreo Chocolate Bars3 x 130 g,472,Subcat25,Cadbury,FUR-DEF-10000810
Cadbury Dairy Milk Silk Bubbly Chocolate Bars6 x 50 g,446,Subcat25,Cadbury,FUR-CH-10001130
FERRERO ROCHER Truffles200 g,470,Subcat25,Ferrero,OFF-IBI-10004916
Cadbury Bournville 50% Cocoa Dark Chocolate Bars5 x 80 g,402,Subcat25,Cadbury,TEC-PH-10004578
Cadbury Milk Silk Oreo Red Velvet Bars3 x 130 g,472,Subcat25,Cadbury,OFF-AR-10000097
FERRERO ROCHER Moments Truffles139.2 g,320,Subcat25,Ferrero,OFF-BI-10004828
Cadbury Nutties Chocolate Brittles10 x 30 g,360,Subcat25,Cadbury,OFF-ST-10004141
Cadbury Dairy Milk Silk Hazelnut Chocolate Bars6 x 58 g,446,Subcat25,Cadbury,OFF-BI-10001399
Cadbury Celebrations Premium Assorted Chocolate Gift Pa...268 g,352,Subcat25,Cadbury,OFF-LA-10004430
m&m's Milk Chocolate Candies Bars4 x 75 g,352,Subcat25,M&M's,OFF-LA-10002195
BOUNTY Chocolate 57g (pack of 12) Bars12 x 57 g,633,Subcat25,Bounty,OFF-ELD-10000024
Kinder JOY Milk Fudges8 x 20 g,353,Subcat25,Kinder,OFF-BI-10003981
BOUNTY Miniatures Coconut Filled Chocolates Bars3 x 170 g,393,Subcat25,Bounty,OFF-BI-10000168
Cadbury Dairy Milk Silk Pralines Classic and Dark Bars176 g,451,Subcat25,Cadbury,FUR-LES-10002026
Cadbury Dairy Milk Silk Roast Almond Chocolate Bars6 x 58 g,446,Subcat25,Cadbury,FUR-BO-10001216
Cadbury Celebrations Premium Selection Assorted Gift Pa...281 g,311,Subcat25,Cadbury,TEC-AC-10002649
Boomer Strawberry Flavoured Chewing Gum Big Jar Strawbe...782 g,175,Subcat26,Boomer,FUR-CH-10002966
Wrigleys Boomer Strawberry Chewing Gum18.6 g,8,Subcat26,Wrigleys,FUR-TA-10001494
Orbit Sugarfree Pot Mixed Fruit Chewing Gum22 g,36,Subcat26,Orbit,FUR-TA-10004086
Orbit Sugarfree Tube Spearmint Chewing Gum22 g,42,Subcat26,Orbit,TEC-PH-10000303
Happydent Wave with Xylitol Mint Chewing Gum28.9 g,41,Subcat26,Happydent,OFF-ST-10000877
Happydent Wave with Xylitol Fruits Chewing Gum28.9 g,44,Subcat26,Happydent,TEC-MA-10003146
Mentos Sugarfree Freshmint Chewing Gum54.6 g,69,Subcat26,Mentos,OFF-AR-10001714
Orbit Sugarfree Tube Sweetmint Chewing Gum22 g,39,Subcat26,Orbit,TEC-CO-10004027
Orbit Sugarfree Home Pack Spearmint Chewing Gum59.4 g,79,Subcat26,Orbit,OFF-AP-10002709
Mentos Pure Fresh Sugarfree Spearmint Chewing Gum54.6 g,81,Subcat26,Mentos,TEC-PH-10004618
Mentos Sugarfree Spearmint Chewing Gum54.6 g,80,Subcat26,Mentos,OFF-ROG-10002132
Orbit Sugarfree Home Pack Mixed Fruit Chewing Gum59.4 g,75,Subcat26,Orbit,TEC-KON-10001388
Center Fruit Soft Chews Candy Assorted Chewing Gum33 g,44,Subcat26,Center,OFF-PA-10004613
Orbit Mango Chewing Gum22 g,43,Subcat26,Orbit,OFF-BI-10000813
Orbit Sugarfree Pot Spearmint Chewing Gum22 g,39,Subcat26,Orbit,OFF-SU-10004663
Orbit Sugarfree Tube Mixed Fruit Chewing Gum22 g,39,Subcat26,Orbit,OFF-ST-10004293
Orbit Sugarfree Pot Sweetmint Chewing Gum22 g,42,Subcat26,Orbit,OFF-SU-10004177
Mentos Pure Breath Fresh Mint Chewing Gum54.6 g,81,Subcat26,Mentos,FUR-FU-10001475
Wrigley Orbit 22g Mixed Fruit Chewing Gum22 g,47,Subcat26,Wrigley,OFF-ROG-10004949
Happydent Xylitol Sugarfree Spearmint Chewing Gum24.2 g,41,Subcat26,Happydent,TEC-MEM-10000919
Orbit Spearmint Chewing Gum8 x 22 g,344,Subcat26,Orbit,OFF-FA-10004813
Orbit Mixed Fruit Chewing Gum8 x 22 g,344,Subcat26,Orbit,OFF-BIN-10003327
Orbit Sweetmint Chewing Gum8 x 22 g,344,Subcat26,Orbit,OFF-ST-10004496
Wrigleys Hubba Bubba Mega Long Triple Mix 56g Triple mi...56 g,340,Subcat26,Wrigleys,OFF-ACM-10000476
Wrigleys Hubba Bubba Mega Long (IMPORTED) Snappy Strawb...56 g,297,Subcat26,Wrigleys,OFF-AP-10001138
batook Banana Banana Chewing Gum10 x 25 g,440,Subcat26,batook,OFF-SU-10004872
Wrigleys Hubba Bubba Chunky and Bubbly Bubble Gum Origi...700 g,1349,Subcat26,Wrigleys,OFF-HON-10000966
batook Specialmint Specialmint Chewing Gum10 x 1.25 g,429,Subcat26,batook,OFF-XER-10003901
batook ORANGE 5 STICK IMPORTED CHEWING GUM ( 5 STICK X ...250 g,380,Subcat26,batook,FUR-RUB-10002021
marukawa Fusen bubble gum Strawberry Chewing Gum249 g,439,Subcat26,marukawa,TEC-AC-10003105
Wrigleys Hubba Bubba Fancy Fruit Pack Of 2 (56g) Fancy ...2 x 56 g,399,Subcat26,Wrigleys,OFF-AVE-10004827
"Wrigleys Spearmint Rain 40.5g (pack of 2), 81g Spearmin...2 x 40.5 g",470,Subcat26,Wrigleys,OFF-AR-10003680
Mondelez International Trident Sugar Free Cinnamon Chew...12 x 26.58 g,1399,Subcat26,Mondelez,OFF-BI-10003903
batook SPECIALMINT 5 STICK IMPORTED CHEWING GUM BOX ( 5...250 g,395,Subcat26,batook,OFF-EN-10004459
Mondelez International Trident Tropical Twist Sugar Fre...12 x 23.75 g,1100,Subcat26,Mondelez,OFF-BIN-10004512
Wrigleys Hubba Bubba Bubble Gum Chunky and Bubbly Serio...3 x 35 g,249,Subcat26,Wrigleys,OFF-FA-10002491
"SurpriseForU TRIDENT Sugar Free Chewing Gum Spearmint, ...26 g",139,Subcat26,SurpriseForU,OFF-TEN-10000360
"Wrigleys Hubba Bubba Fancy Fruit Mega Long , 56g Fancy ...56 g",239,Subcat26,Wrigleys,OFF-LA-10000784
batook Sticks Special Mint Gum special mint Chewing Gum20 x 1 g,449,Subcat26,batook,OFF-STA-10000155
"Tosca Jawbreaker Strawberry, Green Apple & Cola Flavour...3 x 126.67 g",314,Subcat26,Tosca,TEC-PH-10000720
